,Ck,Ca,Ke,Ge
incipient,-0.7577724700655911,0.3045925291007666,176602.21931816282,0.7357118534307898
intensification,-1.2820329099069585,0.43690840928968744,222000.67197715316,2.036278985947648
mature,-2.10977708480802,0.47169382735110077,244508.33616177418,1.8114911315255877
decay,-1.4349298257434755,0.31322258972201045,225719.2341616458,1.0132369353284834
