,Ck,Ca,Ke,Ge
incipient,-1.0850362375361056,1.3978846755715346,318040.194398399,1.956551746268307
intensification,-6.108270657465461,2.168164191593439,747014.7342964842,6.585328434789165
mature,-28.84568642187775,2.174429727192646,1351881.7565550369,2.1734448654672422
decay,-14.902146041713404,1.5489909222421792,1078039.6306453478,2.369442160146659
