,Ck,Ca,Ke,Ge
incipient,-4.107581121548457,1.8341849566083062,434905.3292362853,1.9809233767598542
intensification,-3.886233520484387,2.0714012970604676,588900.7370174894,5.002152163319162
mature,-6.1666414678252774,1.1316775520367617,485170.14001571585,2.4140361574802207
decay,-1.8375797569427803,0.3722813530246881,258159.71626814237,0.6610201751221156
