,Ck,Ca,Ke,Ge
incipient,-2.3626561352416084,0.6518749229488957,205878.05426663446,0.6808481670534592
intensification,-6.20043717005834,1.6115997921124756,410616.7443086883,3.6282837374741383
mature,-9.38903499953311,2.0942427615295696,681977.681138586,3.8494620522666034
decay,-8.827579345758265,1.4493203906360699,514822.48094071454,1.3766334855175573
