,Ck,Ca,Ke,Ge
incipient,-3.5544132929686842,1.5897270039495217,408236.86616850854,1.72185825539705
intensification,-3.8697360143299857,1.9538643269004723,561399.3503398047,4.734933837520508
mature,-5.664296413386481,0.9349264198935867,462401.85537205334,2.5291125485551316
decay,-2.4904933533621896,0.37326840508227643,265252.47645583365,0.7504103607243424
