{
    "Cluster 1": {
        "Cluster Center": [
            -0.8467136583547412,
            -3.1984890900927008,
            -2.945044816868669,
            -3.5306817586508465,
            -6.571374583633135,
            -6.263881511842672,
            0.9262408149724788,
            0.6505631948246269,
            0.8100608575330912,
            1.593874369369361,
            1.0948996135607543,
            0.8548087261794917,
            363070.18805499456,
            297836.199314957,
            276081.91563093936,
            388336.3140825599,
            442266.89598070335,
            362385.1771292591,
            2.468280037932744,
            1.8050003329035893,
            0.6246069595000887,
            1.7897851534344558,
            0.8706554275909368,
            -0.25108159366768806,
            3.3192669222927136,
            0.7630176333970232,
            0.2074432416605764,
            1.6837664420387821,
            0.1932574694163487,
            -0.26057295561396787,
            0.2918044722797912,
            -2.7185587035314924,
            -1.1603088020737773,
            2.5209454719708195,
            -1.7695979149820014,
            -4.167502564058499
        ],
        "Cluster Fraction": 50.0,
        "Cyclone IDs": [
            19950393,
            20080290,
            19920701,
            20100304,
            20131000,
            20050611,
            19900278,
            20160630,
            20071076,
            19910557,
            19980903,
            19900062,
            20060602,
            19971038,
            20100769,
            20110830,
            20150218,
            19880581,
            20080909,
            20070902,
            19870080,
            19830205,
            19811184,
            20080610
        ]
    },
    "Cluster 2": {
        "Cluster Center": [
            -4.6089179698834695,
            -11.868893879760723,
            -9.332693945925472,
            -9.506631069028568,
            -6.704039198502017,
            -3.3036021847536885,
            1.9249518505770855,
            1.8109438141897591,
            1.4522569362548652,
            1.8534548734906116,
            1.4246200757637062,
            0.40225449053114015,
            738446.7698671737,
            724842.3152852585,
            487004.11388967984,
            481709.48237597407,
            487576.91419779975,
            240803.02175706648,
            3.858578149407677,
            1.356414794018163,
            -0.2151551038587728,
            1.0040536966840297,
            1.596443411505953,
            -0.2860917712671725,
            0.9748171055770614,
            -1.044502704102647,
            1.1291667769875342,
            0.3790675027290177,
            -2.8272335292860973,
            0.1430545997865844,
            5.450939815241092,
            -5.779781419879995,
            -5.246339377111281,
            0.005766839672910473,
            -2.3791048794351903,
            -0.5370038872278586
        ],
        "Cluster Fraction": 27.083333333333332,
        "Cyclone IDs": [
            19850749,
            19830458,
            20180783,
            19790656,
            19890192,
            20160857,
            19890495
        ]
    },
    "Cluster 3": {
        "Cluster Center": [
            3.175835662849138,
            4.411086836087973,
            -3.723608952590843,
            -14.759319415947965,
            -26.912266711148,
            -18.71454399836848,
            1.1586265423081803,
            0.549601631190306,
            0.6563835058837452,
            1.8127648829643224,
            2.707606738996688,
            2.5690207768341695,
            459289.4533498712,
            550523.819647508,
            462211.504615253,
            778317.977168695,
            1117852.575109749,
            1059583.1088144735,
            0.9913260452165371,
            0.2360150741902871,
            -0.43213282281290766,
            0.9627603401947364,
            1.7396285038735968,
            0.1701378599135515,
            3.7150481884026916,
            2.999804677691074,
            2.0577748586206295,
            -1.0025804533417688,
            -6.2085344770790165,
            -3.8255086077520586,
            6.527878365530912,
            5.883012312600911,
            2.510503360236057,
            2.377922823462809,
            -2.375935834033201,
            -7.914109777091268
        ],
        "Cluster Fraction": 14.583333333333334,
        "Cyclone IDs": [
            19890546,
            20160977,
            19800601,
            19950453
        ]
    },
    "Cluster 4": {
        "Cluster Center": [
            -24.040016817936632,
            -48.11687289850103,
            -35.83334173392926,
            -7.432562887950844,
            -7.951120373066994,
            -10.650216736737853,
            3.0280128663421966,
            4.453264408005401,
            4.326845684800769,
            2.3866138563641726,
            1.4069674906049539,
            0.8773605861120884,
            885715.561394558,
            1261513.9350966457,
            1254636.039885451,
            684790.2607389084,
            507012.5897372293,
            341893.24050752877,
            2.016367509267372,
            -0.7787341535815278,
            3.3553439600137245,
            4.140760353742184,
            0.10358231625445846,
            -0.5820765968112694,
            -1.9237733893405848,
            -8.021534088975134,
            -7.174335874644371,
            2.4681456930215573,
            -2.1742306274242775,
            -0.5149092245272593,
            1.0526362483722647,
            -23.093053021848213,
            -16.23346109119418,
            2.962725759247447,
            0.20138824206453698,
            -6.825412610605882
        ],
        "Cluster Fraction": 8.333333333333332,
        "Cyclone IDs": [
            20030862,
            20205515,
            19870546,
            20090100,
            20209992,
            20090294,
            20071117,
            19810430,
            20190257,
            20030495,
            19930557,
            20101019,
            20140284
        ]
    }
}