{
    "Cluster 1": {
        "Cluster Center": [
            -9.25681842398576,
            2.116871515610578,
            649358.4923994587,
            3.5306266714009453
        ],
        "Cluster Fraction": 28.125,
        "Cyclone IDs": [
            20204655,
            20190785,
            20140726,
            19790550,
            20140710,
            19990647,
            19850710,
            19890646,
            19820765,
            20080677,
            19820652,
            20140549,
            20090719,
            19890770,
            19870714,
            20110494,
            20205052,
            20110538,
            20100560,
            20020646,
            19920501,
            19930654,
            20140692,
            20130540,
            20040684,
            19810618,
            20140500,
            20120626,
            20140536,
            20050665,
            20203778,
            20040697,
            20070608,
            20160610,
            20120705,
            19810462,
            19820578,
            19950584,
            20150682,
            19900437,
            19980693,
            19790669,
            19800683,
            19830693,
            19930687,
            20060787,
            19790697,
            20060499,
            19870687
        ]
    },
    "Cluster 2": {
        "Cluster Center": [
            -2.4752989808516457,
            0.5775008131458239,
            290158.2193906884,
            0.9814674752662498
        ],
        "Cluster Fraction": 61.418269230769226,
        "Cyclone IDs": [
            20160523,
            20160453,
            20070715,
            20030762,
            20140766,
            19860469,
            20010527,
            20110649,
            19950580,
            19810626,
            19940517,
            19930531,
            20120570,
            20040703,
            20110695,
            19820712,
            19840520,
            19820482,
            19890559,
            19830540,
            20090588,
            20190536,
            19950766,
            20050466,
            20070519,
            19990823,
            19890706,
            19950774,
            20000580,
            20030707,
            20190512,
            19850509,
            19990583,
            20206145,
            20150561,
            20070528,
            19900742,
            19880558,
            20090469,
            19870741,
            20150594,
            20060715,
            20120723,
            19880490,
            19890797,
            19960530,
            19800657,
            19860430,
            20180759,
            20040786,
            19860512,
            19890683,
            20150717,
            20040526,
            20020483,
            19940621,
            20120755,
            19840478,
            20206498,
            20010634,
            19920696,
            19990525,
            20050672,
            20150699,
            19850534,
            20090614,
            20170684,
            19870459,
            19790644,
            20060600,
            19870646,
            19920543,
            20170575,
            20090508,
            20205386,
            19940776,
            20190626,
            19970674,
            20204474,
            20010483,
            19870710,
            19880481,
            20130687,
            19880666,
            19900597,
            19870604,
            20170556,
            19870656,
            20190580,
            20030527,
            20070695,
            19860443,
            20080649,
            20060620,
            19920472,
            19840606,
            19790483,
            20080573,
            19880742,
            19980756,
            19890738,
            20080534,
            19950507,
            20204079,
            20170794,
            20150614,
            19830710,
            19900583,
            19870642,
            20160587,
            20150700,
            20010731,
            19790770,
            19940689,
            19980520,
            20140607,
            20050489,
            20080660,
            19910624,
            19890626,
            20080480,
            19830505,
            20070633,
            20080726,
            19830534,
            20180602,
            20090679,
            20070732,
            20050618,
            19980679,
            20080743,
            19870649,
            20040615,
            20100676,
            20190532,
            19990549,
            19920727,
            19790690,
            19930561,
            20070643,
            20010669,
            20120520,
            20180733,
            19840570,
            19840588,
            20050564,
            20020521,
            20010759,
            19810568
        ]
    },
    "Cluster 3": {
        "Cluster Center": [
            -9.838355675272167,
            2.755604327151296,
            1160614.1215136498,
            4.882885405494428
        ],
        "Cluster Fraction": 10.45673076923077,
        "Cyclone IDs": [
            20150638,
            19810667,
            20080662,
            20060668,
            19940605,
            19920628,
            20160579,
            20070532,
            20190687,
            20060749
        ]
    }
}