{
    "Cluster 1": {
        "Cluster Center": [
            -1.5764335203372126,
            -3.337746224790102,
            -3.8270276848977485,
            -2.9671857384198206,
            0.4086479464940534,
            0.9984655458722757,
            0.7690742427508275,
            0.3444978734226866,
            275240.34772222297,
            374949.8231933267,
            402564.2143894677,
            307017.44043402304,
            0.45855558476451447,
            3.489294713346679,
            1.4803820820753326,
            0.3998761518010548,
            3.608381829103857,
            3.085481057921411,
            1.1496704683427055,
            0.23642781112620623,
            1.8307236824996524,
            0.162498301086343,
            -0.30097697050170247,
            0.10373650273804536
        ],
        "Cluster Fraction": 56.730769230769226,
        "Cyclone IDs": [
            20160523,
            20160453,
            20030762,
            19860469,
            20110649,
            19950580,
            20190785,
            19940517,
            20140726,
            19790550,
            20120570,
            20140710,
            19990647,
            19850710,
            20040703,
            20110695,
            19840520,
            19820482,
            19890646,
            20150638,
            19890559,
            19830540,
            19820765,
            19950766,
            20050466,
            20080677,
            19990823,
            19820652,
            19810667,
            20080662,
            19890706,
            19950774,
            20000580,
            20140549,
            20060668,
            20190512,
            19990583,
            20206145,
            20070528,
            19880558,
            20090469,
            19870714,
            19870741,
            20150594,
            20205052,
            19940605,
            20120723,
            19890797,
            19960530,
            20040786,
            19860512,
            20040526,
            19940621,
            19920696,
            20050672,
            19850534,
            20090614,
            19870459,
            20060600,
            19920543,
            20170575,
            20090508,
            19940776,
            20190626,
            20040684,
            19810618,
            20130687,
            19880666,
            19900597,
            19870604,
            20140536,
            20190580,
            20030527,
            20160579,
            20080649,
            19790483,
            20080573,
            20203778,
            20070532,
            20040697,
            19890738,
            20080534,
            19950507,
            20204079,
            20070608,
            20150614,
            19900583,
            20160610,
            20150700,
            20010731,
            19790770,
            19810462,
            20140607,
            19820578,
            20080660,
            19890626,
            20080480,
            20150682,
            19830534,
            19790669,
            20180602,
            19800683,
            20050618,
            19830693,
            20080743,
            20040615,
            19990549,
            19920727,
            19790697,
            20060499,
            19930561,
            20120520,
            20060749,
            19840588,
            20050564,
            20020521,
            20010759,
            19810568
        ]
    },
    "Cluster 2": {
        "Cluster Center": [
            -2.987326338521677,
            -8.570948431119891,
            -14.432791584607774,
            -7.366758303172439,
            1.3730871961403637,
            2.851318299562661,
            3.2405934150585445,
            1.0478172918354198,
            423621.5086866021,
            730270.6503585341,
            920801.9911619447,
            448272.3402971153,
            0.8719747233046928,
            7.581661713761067,
            3.298423848009172,
            0.3002840752511107,
            6.609698203514501,
            3.690541906990613,
            -0.1562887974318844,
            0.2991512400864503,
            2.7587488334404493,
            4.579591278771403,
            0.3629582618224676,
            -3.834216625968497
        ],
        "Cluster Fraction": 25.0,
        "Cyclone IDs": [
            20070715,
            20140766,
            20010527,
            19810626,
            19820712,
            20090588,
            20190536,
            20070519,
            20030707,
            19850509,
            19890770,
            20150561,
            20110494,
            19880490,
            19800657,
            19860430,
            19890683,
            20110538,
            20150717,
            20120755,
            19840478,
            20020646,
            20010634,
            19990525,
            20150699,
            20170684,
            19790644,
            19870646,
            19870710,
            20140500,
            20170556,
            20050665,
            20060620,
            19920472,
            19840606,
            19880742,
            20170794,
            19830710,
            19870642,
            19980520,
            19910624,
            20070633,
            19980693,
            20090679,
            19870649,
            20060787,
            20190532,
            19790690,
            20070643,
            20010669,
            20180733,
            19870687
        ]
    },
    "Cluster 3": {
        "Cluster Center": [
            -0.6703198265302721,
            -6.39909268309028,
            -12.72348201688887,
            -11.01534121333551,
            0.8465584483248282,
            1.9790199829109587,
            2.9177188478204297,
            1.8904154127808686,
            266473.0111658935,
            512858.50691815483,
            1036635.6995919002,
            1066844.1759655687,
            0.07540346273405346,
            4.817588411523282,
            4.131251497745461,
            2.5038839368235513,
            2.593056445120133,
            1.656598037160903,
            -0.745603188656886,
            -1.2651979634772097,
            1.388795321044519,
            2.175785138102845,
            8.951778414016971,
            1.4891287155092952
        ],
        "Cluster Fraction": 18.269230769230766,
        "Cyclone IDs": [
            20204655,
            19930531,
            20090719,
            19900742,
            19920628,
            20060715,
            20180759,
            20020483,
            20100560,
            20206498,
            19920501,
            19930654,
            20140692,
            20130540,
            20205386,
            19970674,
            20204474,
            20010483,
            19880481,
            19870656,
            20120626,
            20070695,
            19860443,
            19980756,
            20160587,
            20120705,
            19940689,
            19950584,
            20050489,
            19830505,
            19900437,
            20080726,
            20190687,
            20070732,
            19980679,
            19930687,
            20100676,
            19840570
        ]
    }
}