{
    "Cluster 1": {
        "Cluster Center": [
            -0.7611972389977151,
            -6.250284578560566,
            -12.32447004490045,
            -11.03928668568959,
            0.8268885473947991,
            1.9224979338414263,
            2.8610815301398285,
            1.92349492703212,
            267620.4747241852,
            516379.4679423758,
            1004162.8733291079,
            1046266.0131178217,
            0.2592443361720649,
            4.739698611644378,
            3.963418294313943,
            2.4627862850868745
        ],
        "Cluster Fraction": 19.71153846153846,
        "Cyclone IDs": [
            20204655,
            19790550,
            19930531,
            20090719,
            19900742,
            19920628,
            20060715,
            20180759,
            20150717,
            20020483,
            20100560,
            20206498,
            19920501,
            19930654,
            20140692,
            20130540,
            20205386,
            19970674,
            20204474,
            20010483,
            19880481,
            19870656,
            20120626,
            20070695,
            19860443,
            19880742,
            19980756,
            20160587,
            20120705,
            19940689,
            19950584,
            20050489,
            19830505,
            19900437,
            20080726,
            20190687,
            20070732,
            19980679,
            19930687,
            20100676,
            19840570
        ]
    },
    "Cluster 2": {
        "Cluster Center": [
            -3.0681832181385627,
            -8.6751053049388,
            -14.458437986776781,
            -7.079721418747369,
            1.3959870498113953,
            2.9111120058852387,
            3.251156161149488,
            0.9611361494679662,
            430543.09966931224,
            737274.8033761971,
            930910.48792025,
            436795.71296113444,
            0.8201861826350643,
            7.765045654311124,
            3.393171550333147,
            0.20057943736896267
        ],
        "Cluster Fraction": 24.03846153846154,
        "Cyclone IDs": [
            20070715,
            20140766,
            20010527,
            19810626,
            19820712,
            20090588,
            20190536,
            20070519,
            20030707,
            19850509,
            19890770,
            20150561,
            20110494,
            19880490,
            19800657,
            19860430,
            19890683,
            20110538,
            20120755,
            19840478,
            20020646,
            20010634,
            19990525,
            20150699,
            20170684,
            19790644,
            19870646,
            19870710,
            20140500,
            20170556,
            20050665,
            20060620,
            19920472,
            19840606,
            20170794,
            19830710,
            19870642,
            19980520,
            19910624,
            20070633,
            19980693,
            20090679,
            19870649,
            20060787,
            20190532,
            19790690,
            20070643,
            20010669,
            20180733,
            19870687
        ]
    },
    "Cluster 3": {
        "Cluster Center": [
            -1.5573848778225141,
            -3.3563415549826825,
            -3.9090732878594707,
            -2.950303332945414,
            0.4110122221212321,
            0.9992498270003667,
            0.7715622534325719,
            0.3423327730194583,
            274641.5338467724,
            373260.4945632388,
            402224.23265268886,
            302065.0099783668,
            0.43315597677899903,
            3.4741164028666036,
            1.4618115821552538,
            0.4012353663920273
        ],
        "Cluster Fraction": 56.25,
        "Cyclone IDs": [
            20160523,
            20160453,
            20030762,
            19860469,
            20110649,
            19950580,
            20190785,
            19940517,
            20140726,
            20120570,
            20140710,
            19990647,
            19850710,
            20040703,
            20110695,
            19840520,
            19820482,
            19890646,
            20150638,
            19890559,
            19830540,
            19820765,
            19950766,
            20050466,
            20080677,
            19990823,
            19820652,
            19810667,
            20080662,
            19890706,
            19950774,
            20000580,
            20140549,
            20060668,
            20190512,
            19990583,
            20206145,
            20070528,
            19880558,
            20090469,
            19870714,
            19870741,
            20150594,
            20205052,
            19940605,
            20120723,
            19890797,
            19960530,
            20040786,
            19860512,
            20040526,
            19940621,
            19920696,
            20050672,
            19850534,
            20090614,
            19870459,
            20060600,
            19920543,
            20170575,
            20090508,
            19940776,
            20190626,
            20040684,
            19810618,
            20130687,
            19880666,
            19900597,
            19870604,
            20140536,
            20190580,
            20030527,
            20160579,
            20080649,
            19790483,
            20080573,
            20203778,
            20070532,
            20040697,
            19890738,
            20080534,
            19950507,
            20204079,
            20070608,
            20150614,
            19900583,
            20160610,
            20150700,
            20010731,
            19790770,
            19810462,
            20140607,
            19820578,
            20080660,
            19890626,
            20080480,
            20150682,
            19830534,
            19790669,
            20180602,
            19800683,
            20050618,
            19830693,
            20080743,
            20040615,
            19990549,
            19920727,
            19790697,
            20060499,
            19930561,
            20120520,
            20060749,
            19840588,
            20050564,
            20020521,
            20010759,
            19810568
        ]
    }
}