,Ck,Ca,Ke,Ge
incipient,-0.14570407981304312,0.6864333241126113,273226.40466936736,0.1770276080487303
intensification,-6.4962678001603305,1.9566087415776554,489833.71412671765,4.677254403188052
mature,-13.570836573799024,3.086969007946726,996744.6265759007,3.9598391236886745
decay,-11.099061675551711,1.9273714681366434,1028832.9566784084,2.159683856211137
