,Ck,Ca,Ke,Ge
incipient,-2.7955027766832066,1.148500088367871,379784.8187931638,0.9496564032731717
intensification,-5.502465215782522,2.003577739974126,611297.0989439804,5.486831961240361
mature,-9.588163792169485,1.863276497904012,662006.149668298,2.105385102639742
decay,-5.601729010332005,0.6432799140642584,397675.76484354946,0.2564850698110924
