{
    "Cluster 1": {
        "Cluster Center": [
            -4.503710942506415,
            -6.222763515215988,
            -1.3856514394219035,
            1.9354999974608864,
            0.985885922165893,
            0.19802081574827568,
            495088.5194474977,
            446753.3232857842,
            269347.28436469915,
            2.2082000973841946,
            -0.008465928678074053,
            -0.11117111303504584,
            2.996718301277271,
            -0.5430364119401783,
            0.6402354068851386,
            1.6496363305596349,
            -2.2832350648783413,
            -0.5921373337110143
        ],
        "Cluster Fraction": 44.73684210526316,
        "Cyclone IDs": [
            19970984,
            19920396,
            19920358,
            19901133,
            19990596,
            20170970,
            20130706,
            20060076,
            19941093,
            20040895,
            19890058,
            20020773,
            19980548,
            20110077,
            19811024,
            20090117,
            20100997,
            19790171,
            20170492,
            19981161,
            20181202,
            19841124,
            19980456,
            19920481
        ]
    },
    "Cluster 2": {
        "Cluster Center": [
            -5.831557692597517,
            -9.837912576623872,
            -2.911746847601611,
            2.50738990427813,
            1.793791205495192,
            1.043923982174018,
            824025.55118345,
            702544.3080994498,
            459082.5410308609,
            4.961931486198214,
            1.1095531167563784,
            0.2215608841277827,
            -0.34713870741514374,
            -0.3735110730106215,
            -0.31401383325276966,
            6.87266974590642,
            -2.6199473917134286,
            -0.14594116811522118
        ],
        "Cluster Fraction": 31.57894736842105,
        "Cyclone IDs": [
            20110205,
            20090314,
            19830224,
            20110166,
            19981128,
            20060491,
            19830088,
            20160866,
            20020104,
            20160827,
            19970487,
            20100718,
            20180772,
            20030116,
            20191020,
            19820932,
            20110314,
            19970473
        ]
    },
    "Cluster 3": {
        "Cluster Center": [
            -4.705042307942486,
            -17.12440290901766,
            -11.30213753851315,
            2.5608356218982946,
            2.1138628932004098,
            1.57974202046021,
            901860.550875824,
            1256901.1416063127,
            629514.3775622697,
            5.3207418070846515,
            2.043041941852789,
            0.17799647797395707,
            -0.3271768052909303,
            -4.209776459457505,
            -2.503685286802316,
            15.304801634638633,
            -4.088696590190475,
            -6.81002638385751
        ],
        "Cluster Fraction": 23.684210526315788,
        "Cyclone IDs": [
            20130755,
            20090437,
            19810495,
            20190414,
            19900978,
            19990012,
            20090297,
            19921177,
            20000566,
            20180555,
            19850398,
            20030969,
            20080222,
            20120134,
            19920421,
            20161187,
            19830150,
            20140018,
            20120733,
            19910440,
            19961060,
            19850759,
            20200569,
            19990498,
            19790963,
            19960117,
            20100596,
            20201807,
            19800347,
            20140877,
            20161104,
            19881098,
            19910218,
            20130111
        ]
    }
}