{
    "Cluster 1": {
        "Cluster Center": [
            -1.6201048989997369,
            -2.5281752198665677,
            -4.682192275079329,
            -3.834106019049929,
            -1.6168021745713381,
            0.7252031644585956,
            1.182961387592556,
            1.8032954381018977,
            1.5633762922365235,
            0.700964226425775,
            304256.1320535712,
            254650.62575074396,
            388465.5150334287,
            470223.3582274767,
            329504.38363652496,
            0.2090240094077712,
            0.5702195540165251,
            2.464162876179721,
            0.9255016104841333,
            -0.06546086078726897,
            2.3694206005562566,
            1.0699352666989468,
            2.2486688213369783,
            1.8407054801838174,
            0.7542924261508258,
            -0.7631516000760659,
            -1.1649903727354096,
            1.891052156759418,
            0.17348056628593472,
            -0.2867483243381077
        ],
        "Cluster Fraction": 53.84615384615385,
        "Cyclone IDs": [
            19820776,
            19870454,
            19900317,
            20050367,
            20040395,
            19860831,
            19870307,
            20170815,
            20020963,
            20160037,
            19970812,
            20100510,
            19850445,
            19870428,
            19990790,
            20110850,
            19790876,
            20100759,
            20180427,
            20080781,
            20190927,
            20130711,
            19910655,
            20180056,
            19980398,
            20050869,
            20150553,
            19890721
        ]
    },
    "Cluster 2": {
        "Cluster Center": [
            -1.3220801319990323,
            -2.6889304433156687,
            -8.64163653786873,
            -17.958857682259293,
            -6.421009216938519,
            1.05725724047221,
            0.6735561181044631,
            2.786424154079559,
            2.6098893858389056,
            1.315229326339857,
            315915.16927942226,
            265332.23298001476,
            536357.8622686921,
            1043243.285878919,
            462297.0957822608,
            1.693274214293021,
            1.7012124588052981,
            3.4970557124516013,
            2.951455464864284,
            0.15402424530655187,
            1.0621479217175156,
            0.24098323332855082,
            -0.5293500221693295,
            -3.6012663162204066,
            -0.9670068031618351,
            1.3002481789063098,
            -0.858196675609067,
            7.832527680063311,
            -1.611986143564887,
            -5.039849511227926
        ],
        "Cluster Fraction": 28.846153846153843,
        "Cyclone IDs": [
            20141180,
            20140056,
            19930652,
            20140108,
            19980846,
            19950779,
            20080618,
            20090012,
            19800810,
            20131043,
            19810353,
            19990142,
            19920595,
            19840658,
            20030067
        ]
    },
    "Cluster 3": {
        "Cluster Center": [
            -8.834209827753229,
            -22.394234625851077,
            -6.957480943545232,
            -5.822102806384528,
            0.407070895815989,
            3.111607003877419,
            3.8240689689137026,
            1.3401046180128167,
            1.2059581034521387,
            0.5480573318245562,
            590997.6180773716,
            797907.4701539048,
            459274.91017295327,
            434194.67876084533,
            281771.7382748126,
            -3.206152700536664,
            1.884845856452071,
            1.4772693550098552,
            0.9904850619437962,
            0.12241164119748434,
            -0.7147738198015685,
            -4.068072072059014,
            0.9854698922477891,
            -2.495113751365665,
            -0.32011407835568195,
            14.27917549833138,
            -6.912090049078783,
            2.9186920927673397,
            -2.3867014764246903,
            1.3650419944544403
        ],
        "Cluster Fraction": 11.538461538461538,
        "Cyclone IDs": [
            19960977,
            20100650,
            19900479,
            20050802,
            20031056,
            20121126
        ]
    },
    "Cluster 4": {
        "Cluster Center": [
            -2.19483522580296,
            -1.7755072323274992,
            2.5982834092171396,
            -9.140326827943774,
            -10.187354051025036,
            0.7456301369995673,
            0.2942362319690359,
            0.20468840983106973,
            0.7978302403367763,
            0.011127960381424384,
            160919.84084802362,
            140132.71827853113,
            368863.68117844255,
            805868.2270477184,
            1773710.5024297414,
            0.18899476228871476,
            0.25801305778014816,
            2.0804639022918368,
            1.5792669365096013,
            1.4979960746349745,
            0.34825391821261364,
            0.00870154976932025,
            2.338909863903573,
            -1.6678631984669685,
            1.179159651525324,
            -0.003619937021879016,
            -0.5809033711207989,
            8.75719786143246,
            8.758580033982645,
            -9.978539769169895
        ],
        "Cluster Fraction": 5.769230769230769,
        "Cyclone IDs": [
            20101078,
            19840249,
            19990160
        ]
    }
}