{
    "Cluster 1": {
        "Cluster Center": [
            -0.46958066345399363,
            -4.924745374269485,
            -8.40373005165699,
            -4.471080287730743,
            0.3981414030305889,
            1.576247896592033,
            2.041213208080965,
            1.094720515804564,
            262802.98124902335,
            477540.3849651008,
            704899.6804048207,
            570878.3394483288,
            2.7250361927399527,
            5.152822647196386,
            3.48062022790081,
            1.9891682457351951
        ],
        "Cluster Fraction": 29.936305732484076,
        "Cyclone IDs": [
            19851086,
            20191155,
            20100105,
            20131083,
            20140066,
            20190028,
            20209135,
            20150039,
            19901116,
            20209703,
            19871136,
            19931147,
            20031122,
            20031170,
            20061185,
            19840167,
            20060146,
            19940067,
            19991137,
            19800021,
            20181141,
            20081041,
            20180096,
            19911132,
            20180159,
            20160104,
            19870104,
            19931081,
            19861098,
            20071156,
            19970027,
            20141089,
            20181135,
            20090175,
            19970127,
            19940115,
            20070108,
            20161098,
            19960027,
            20091145,
            19840018,
            20141169,
            19971098,
            20051130,
            20170098,
            19970078,
            20030110
        ]
    },
    "Cluster 2": {
        "Cluster Center": [
            -1.7234129352666214,
            -9.269537861852697,
            -19.217525788418968,
            -6.558742434862376,
            0.7190599675435836,
            3.3622765372708496,
            3.075566562535669,
            0.9322529366733057,
            325516.9960704999,
            755251.0499359593,
            1237245.1616172055,
            462626.4337542156,
            4.383376845926909,
            8.71137749773591,
            3.9813243314802964,
            1.1169749041898276
        ],
        "Cluster Fraction": 12.101910828025478,
        "Cyclone IDs": [
            19960165,
            19871122,
            19910057,
            20050095,
            19890152,
            20209245,
            19911042,
            19971118,
            19930045,
            19800114,
            19900070,
            20060104,
            20090133,
            20190008,
            19901076,
            20121099,
            19990098,
            19971067,
            19810014
        ]
    },
    "Cluster 3": {
        "Cluster Center": [
            -1.1871726711165582,
            -2.9375511715831033,
            -2.626744628561959,
            -1.7259947653561258,
            0.38510230584157074,
            0.7896877111678524,
            0.4757701389213388,
            0.25918553040036474,
            221656.48365943518,
            298342.4052537633,
            311369.20080015657,
            254156.5939455731,
            1.2463422742299444,
            2.846772424530151,
            2.0297246224995846,
            1.1318557374346354
        ],
        "Cluster Fraction": 57.961783439490446,
        "Cyclone IDs": [
            20170022,
            19960063,
            19950051,
            19910151,
            19831131,
            19820130,
            20030030,
            19810133,
            20080014,
            19801135,
            19800094,
            19971054,
            20070177,
            20150149,
            19860114,
            19980184,
            20100144,
            20090090,
            20091124,
            20111133,
            20151143,
            19940134,
            20071088,
            20181155,
            19870022,
            20091183,
            19860029,
            20110051,
            19810093,
            20100093,
            19930022,
            20190052,
            19840033,
            19911126,
            20090041,
            20151178,
            19981085,
            20071163,
            20041126,
            20020015,
            20100009,
            19970115,
            19961114,
            20110073,
            20110104,
            19851050,
            20101166,
            20130018,
            19830152,
            20171124,
            20141103,
            19830126,
            20090111,
            19911089,
            19880067,
            19840054,
            20190110,
            19820109,
            19921142,
            20180039,
            19910096,
            20171126,
            19880056,
            19991174,
            19860008,
            19800155,
            19870150,
            19921160,
            20130009,
            20080109,
            19840141,
            19930095,
            20020148,
            19911059,
            19991192,
            20140041,
            20061116,
            20201113,
            19911082,
            19820102,
            20151136,
            19850130,
            20000063,
            19890066,
            19941137,
            19791146,
            20061157,
            20180050,
            20071149,
            20051113,
            20091172
        ]
    }
}