{
    "Cluster 1": {
        "Cluster Center": [
            -1.605889479832976,
            0.32748917027988333,
            241090.87876880346,
            1.5797645841747314
        ],
        "Cluster Fraction": 64.49044585987261,
        "Cyclone IDs": [
            19851086,
            20170022,
            19950051,
            19910151,
            19831131,
            19820130,
            20100105,
            20131083,
            19960165,
            20030030,
            19871122,
            19910057,
            19801135,
            19971054,
            20190028,
            20070177,
            20150149,
            20150039,
            19860114,
            19901116,
            19980184,
            20050095,
            20209703,
            20090090,
            20111133,
            20071088,
            20181155,
            19870022,
            20060146,
            20091183,
            19810093,
            20100093,
            19930022,
            19991137,
            20190052,
            19840033,
            19911126,
            20151178,
            19981085,
            20020015,
            19800021,
            20110104,
            20181141,
            20081041,
            20101166,
            20130018,
            20180096,
            19830152,
            20171124,
            19911042,
            20141103,
            19911132,
            20160104,
            19830126,
            19930045,
            19870104,
            19931081,
            19900070,
            19861098,
            20071156,
            19970027,
            19880067,
            19921142,
            20180039,
            19910096,
            20171126,
            19880056,
            19991174,
            20060104,
            19860008,
            19800155,
            20090133,
            19911059,
            19991192,
            20140041,
            20091145,
            19901076,
            20201113,
            20141169,
            19990098,
            19850130,
            19890066,
            19941137,
            19791146,
            20061157,
            20170098,
            20180050,
            19810014,
            20051113,
            20091172
        ]
    },
    "Cluster 2": {
        "Cluster Center": [
            -4.910193114534908,
            1.5566415347176163,
            560945.8476276196,
            4.361931511689082
        ],
        "Cluster Fraction": 28.18471337579618,
        "Cyclone IDs": [
            19960063,
            20191155,
            19810133,
            20080014,
            19800094,
            20209135,
            20100144,
            19890152,
            19871136,
            20091124,
            19931147,
            20151143,
            20031122,
            20031170,
            19940067,
            20090041,
            20041126,
            20100009,
            19970115,
            20110073,
            20209245,
            19851050,
            19971118,
            20180159,
            19800114,
            20090111,
            19911089,
            19840054,
            20141089,
            20090175,
            19870150,
            20130009,
            20080109,
            20070108,
            19840141,
            19930095,
            20020148,
            20161098,
            20190008,
            20061116,
            20121099,
            19911082,
            19840018,
            19820102,
            20151136,
            19971067,
            19971098,
            20000063,
            20051130,
            19970078,
            20030110,
            20071149
        ]
    },
    "Cluster 3": {
        "Cluster Center": [
            -17.591832718239573,
            3.467550826719339,
            1074856.1654967389,
            4.811264302753804
        ],
        "Cluster Fraction": 7.32484076433121,
        "Cyclone IDs": [
            20140066,
            19940134,
            20061185,
            19840167,
            19860029,
            20110051,
            20071163,
            19961114,
            20190110,
            19820109,
            20181135,
            19921160,
            19970127,
            19940115,
            19960027
        ]
    }
}