{
    "Cluster 1": {
        "Cluster Center": [
            -1.1250926375527202,
            -1.8490044174972924,
            -2.6834937497599265,
            -1.3467547639552957,
            0.2939025756940884,
            0.4335476349760568,
            0.3621783843105833,
            0.27033863620701637,
            233447.19482370475,
            240222.65615678424,
            262692.23184733756,
            224653.51734835346,
            0.22447111543340664,
            1.102272647545784,
            1.167381753719396,
            0.9107398084080718,
            0.854079482325653,
            0.6204510075727623,
            0.5040799860421442,
            -0.001172461257354672,
            -0.4079493019582858,
            -0.1757015001283589,
            -0.7816400813746134,
            -0.10554588875094695
        ],
        "Cluster Fraction": 70.53571428571429,
        "Cyclone IDs": [
            19960064,
            20110008,
            20121136,
            20150272,
            19810578,
            20061041,
            20100379,
            20041049,
            20000120,
            19840366,
            19980540,
            19970524,
            19800179,
            20190255,
            20203664,
            19900079,
            19861029,
            19870097,
            20090514,
            19880662,
            19891147,
            20030668,
            19790867,
            20070719,
            20130246,
            20050902,
            20050626,
            19930631,
            20160788,
            20130718,
            19960729,
            20020459,
            20030691,
            19870712,
            19870141,
            20000178,
            20181177,
            20030415,
            19830671,
            20020740,
            20050742,
            20190765,
            19850896,
            20020920,
            20050724,
            19910362,
            20090705,
            19920787,
            20170092,
            19800736,
            19830287,
            20101053,
            19790147,
            20010740,
            19850347,
            20120103,
            20030187,
            19830548,
            19890908,
            19800647,
            20020749,
            20060257,
            19950459,
            20130933,
            19930679,
            20080721,
            19820145,
            19830138,
            20140358,
            20180866,
            19820586,
            19850052,
            20050263,
            20190445,
            20120317,
            19880887,
            20001096,
            20170381,
            20040358
        ]
    },
    "Cluster 2": {
        "Cluster Center": [
            -1.5616665589988643,
            -4.440941219700086,
            -4.98934994079713,
            -3.6225380482949294,
            0.9728795423733703,
            1.510755360034716,
            1.7772718715584288,
            1.1302943534671908,
            329471.7876052815,
            470118.11265805655,
            671439.7986673219,
            562134.407308999,
            0.3420210375229306,
            2.171339451329005,
            2.1800191533102646,
            2.842701908844883,
            1.0202148000312543,
            1.3409344779876928,
            0.05171695235202933,
            0.31191338279822534,
            -0.7218696085507899,
            0.6975026280319498,
            1.2063029221009898,
            -2.246554245924564
        ],
        "Cluster Fraction": 25.892857142857146,
        "Cyclone IDs": [
            19940638,
            19850010,
            19841002,
            20000494,
            20150234,
            20020797,
            19870554,
            19840781,
            19840242,
            20070118,
            19890501,
            20010726,
            20000403,
            20000881,
            19940750,
            20020630,
            20160601,
            20130550,
            20130273,
            19880950,
            19970580,
            20100541,
            20030572,
            19930875,
            20020221,
            19950676,
            19970892,
            19840455,
            19960817
        ]
    },
    "Cluster 3": {
        "Cluster Center": [
            -26.819882850031647,
            -17.40305722523305,
            -6.6371673287189,
            1.3081420559523824,
            2.4780599694927794,
            3.272724068608857,
            2.267737444360391,
            0.8821638953036728,
            904584.6737555002,
            1225110.1313393284,
            1214777.5065237023,
            813445.739651635,
            1.4085024024268145,
            3.8925890817314497,
            5.594052901000738,
            4.235122137442534,
            -3.9827068311785068,
            -7.636016462264895,
            -4.205445297555464,
            -1.755006295015862,
            -14.464726837884735,
            -2.9806439338741284,
            7.880377630337944,
            2.84235643367164
        ],
        "Cluster Fraction": 3.571428571428571,
        "Cyclone IDs": [
            19790626,
            19930122,
            19800622,
            20090434
        ]
    }
}