{
    "Cluster 1": {
        "Cluster Center": [
            -1.1965801196534942,
            -3.017727253956121,
            -2.6809468057656067,
            -2.4544090813346355,
            -3.1488263609480907,
            -3.2007803892825475,
            0.7443885784976796,
            0.6130737776468038,
            0.5798724263539118,
            0.9069008633231357,
            0.7746196166886008,
            0.5381536227313953,
            321519.31910110643,
            291420.08945862995,
            240863.30545799766,
            297356.69121778314,
            347246.3471151409,
            316732.9456963158,
            1.2310458845415555,
            1.0544941227090672,
            0.23832682692678747,
            0.9403524536282488,
            0.7241822401070823,
            0.15631029091474066,
            1.8292901119879064,
            0.5328236675529906,
            0.07299537140520898,
            0.9113959702936881,
            0.3832199197840632,
            0.4676702338057508,
            1.3017359657332983,
            -1.5181150105033674,
            -1.3023025148984664,
            1.53013562102958,
            0.07979536632966422,
            -1.8919281315793541
        ],
        "Cluster Fraction": 67.82608695652173,
        "Cyclone IDs": [
            20170662,
            19830458,
            19790656,
            19890192,
            20100453,
            19890495,
            19850654
        ]
    },
    "Cluster 2": {
        "Cluster Center": [
            -6.068001724425908,
            -14.002888972548245,
            -13.46372142917786,
            -12.884289399887061,
            -11.28163104946868,
            -9.618535110668363,
            1.654232582917104,
            1.5220726452097537,
            1.260094427631833,
            2.047818467727144,
            1.6874468129614493,
            0.9709406801089866,
            635473.2894109419,
            749072.2788476741,
            673977.2241818237,
            599775.3852411704,
            546377.3679145761,
            377241.14481348085,
            2.3014290462302665,
            0.9978717700747453,
            0.8590519309736543,
            2.221819210641238,
            1.0181417662304661,
            -0.054842831324904834,
            1.1860780485904674,
            -1.6427095107356269,
            -0.529102503108695,
            -0.9533552122720206,
            -3.1679754107238067,
            -1.5402193835985998,
            3.81697953429705,
            -6.7552845493780325,
            -6.609609184874413,
            -2.090094991387963,
            -4.685352377261457,
            -5.5331033426342975
        ],
        "Cluster Fraction": 26.08695652173913,
        "Cyclone IDs": [
            19950393,
            19990663,
            19981031,
            19920989,
            19830097,
            20070953,
            19890558,
            20080290,
            20120859,
            19830929,
            19910581,
            20205522,
            19920701,
            19941034,
            19911009,
            20205515,
            20180496,
            20140044,
            20070955,
            20040726,
            20121113,
            19830729,
            19910166,
            19810857,
            19830018,
            19840005,
            20141056,
            20150010,
            20100304,
            19900643,
            19820119,
            20131000,
            20050611,
            19900278,
            19900902,
            20160630,
            20071076,
            20010617,
            19980052,
            20110817,
            19980903,
            20200285,
            19890008,
            19900062,
            19990749,
            20060602,
            19971038,
            20100769,
            20110830,
            20150218,
            20000658,
            19791129,
            20050391,
            20110358,
            20150807,
            19880581,
            20090538,
            19801068,
            19951141,
            20080909,
            19940082,
            19960020,
            20070902,
            19830881,
            19870080,
            20000136,
            19830205,
            19910023,
            20020467,
            19811184,
            20000712,
            20161143,
            20170595,
            20080610,
            20051154,
            20040837,
            19810189,
            20160949
        ]
    },
    "Cluster 3": {
        "Cluster Center": [
            2.673114492013497,
            2.4490565531451427,
            1.8433572814575063,
            -8.873173259963409,
            -39.677003192334915,
            -43.20082611095236,
            1.1529236038770534,
            1.1808245539291637,
            0.6809178421829254,
            0.529444656890511,
            1.6276223498173445,
            3.11587722730158,
            450042.035455789,
            555144.5876774141,
            454026.92913802504,
            743745.0351539275,
            1369808.6798657922,
            1484626.161408343,
            0.7154280637813513,
            1.3379083254902322,
            -0.18080081422265193,
            0.3242033561729103,
            1.5767344412949824,
            0.7914274237866784,
            3.3829464240186344,
            1.8193646548295743,
            1.6808715184814096,
            0.752626969665485,
            -2.835377977521039,
            -2.694081520646506,
            8.101940577159892,
            6.48840612430649,
            7.6157681675543065,
            9.357347123868582,
            -1.0134697127276537,
            -13.773980327023807
        ],
        "Cluster Fraction": 6.086956521739131,
        "Cyclone IDs": [
            19900203,
            19910017,
            20030862,
            20000072,
            19870546,
            20090100,
            19850749,
            19890546,
            20070413,
            20209992,
            20180783,
            20140245,
            19910557,
            20160977,
            19891021,
            20090294,
            20160857,
            19800601,
            20010558,
            20071117,
            20091095,
            20181133,
            19810430,
            19950453,
            20190257,
            20030495,
            19930557,
            20101019,
            20170634,
            20140284
        ]
    }
}