{
    "Cluster 1": {
        "Cluster Center": [
            -0.9745562167740562,
            -3.0184030090105356,
            -4.78340364944171,
            -3.7607293978474803,
            -4.695026295676953,
            -5.433834105220326,
            -2.3073934524821342,
            0.3147433847311757,
            0.7766070608486122,
            0.7642989025873705,
            0.673974200021024,
            1.3090595306719615,
            0.8752100987722641,
            0.3618358406637536,
            239742.9515097909,
            320151.32773473655,
            338076.2064245532,
            288385.8098110519,
            343462.1555806024,
            369923.2088345674,
            307380.31091409567,
            -0.4853787169708099,
            2.138024415735542,
            1.3382899712516885,
            0.5614435787550826,
            1.302385541502361,
            0.8484147157062204,
            0.3156945772827011,
            2.55221534336825,
            0.8263034142721617,
            -0.22384418979621246,
            0.022110356053520963,
            0.07023323940600323,
            -0.3054383663222959,
            0.2712729976726853,
            -0.06614886621980387,
            1.013333899622698,
            -0.12593351515315465,
            -0.5144504796606238,
            1.3938204350519483,
            -0.718999450614202,
            -0.9466415704244764
        ],
        "Cluster Fraction": 57.22222222222222,
        "Cyclone IDs": [
            20060246,
            19811049,
            20130613,
            20070855,
            19890055,
            19860229,
            19990023,
            20151050,
            20100050,
            20151026,
            19860771,
            20180415,
            20150005,
            20080197,
            19850639,
            19890324,
            20020164,
            20130991,
            20020877,
            19890691,
            20120123,
            19990464,
            19900816,
            19961015,
            20050833,
            20030577,
            19900940,
            20020611,
            19900100,
            20010391,
            20050752,
            19830832,
            20080434,
            20141063,
            20130786,
            20090774,
            19950547,
            20110655,
            19960038,
            20110323,
            19850615,
            19790237,
            19980895,
            20161051,
            19821079,
            19930886,
            20040458,
            20130734,
            20190503
        ]
    },
    "Cluster 2": {
        "Cluster Center": [
            -4.178914813000358,
            -9.465805496536959,
            -12.606759817361738,
            -9.167298924224845,
            -3.9150983527894727,
            -0.35510508052900036,
            0.31779847789772475,
            1.1091833917075267,
            2.2503102200738834,
            2.4779798004765414,
            1.3679459796160793,
            1.1084598001548316,
            0.4889541912558434,
            0.22181965588740624,
            381614.0804421052,
            698681.5798384626,
            946070.0423337932,
            678066.6994030883,
            393710.7593737471,
            334960.818165016,
            272853.3408745907,
            0.23985775285268388,
            4.08492277071294,
            3.079932589362609,
            0.9576117280167284,
            1.0984348457773718,
            0.5788790846730595,
            0.1591573717238631,
            0.5984322690931811,
            -0.3691533043469862,
            -2.2282247759165803,
            -1.2802445818032577,
            1.9260567697500115,
            -0.30707439373479845,
            0.8526237863049484,
            2.52489498890296,
            4.605482853293001,
            2.7483041119156333,
            -1.5095292130952762,
            2.8040144113575978,
            0.9059782119679509,
            0.920650115127361
        ],
        "Cluster Fraction": 27.22222222222222,
        "Cyclone IDs": [
            20000705,
            19901102,
            20130977,
            20130123,
            19911148,
            20091196,
            20100149,
            19940020,
            20091085,
            20091018,
            19860410,
            20110583,
            19870927,
            20190239,
            19850265,
            20070092,
            19800725,
            20090049,
            20020087,
            20110785,
            19820602,
            20140623,
            19830250,
            20170832,
            20010618,
            20204121,
            20030509,
            19820026
        ]
    },
    "Cluster 3": {
        "Cluster Center": [
            -1.3385518354226584,
            -8.836225351564897,
            -14.71715581804818,
            -8.09972149799468,
            -10.9324853283827,
            -15.092460781609436,
            -6.670343731460583,
            0.44644364943641995,
            2.3276714161584673,
            2.860144951714818,
            1.7644204269014487,
            3.0681267963042664,
            2.598185457508168,
            1.10434298537395,
            292224.09631622647,
            571585.0752963221,
            806790.5920561515,
            718947.983157316,
            946305.5186577284,
            943285.9169151296,
            572197.7861316032,
            0.008065921641575213,
            3.939995736227058,
            2.4057120514552017,
            0.5664549888548917,
            1.2739769364254385,
            0.9240150209785281,
            0.7757078668578985,
            3.388858653343163,
            0.6323675696227613,
            -1.1667195254259326,
            -0.9594989735668205,
            -2.4961385334516875,
            -2.931096123570251,
            -0.903371913637256,
            0.7811527854875729,
            1.2552806702175254,
            0.11686125154301008,
            0.48687149216406445,
            10.032091308880254,
            -3.590163809894122,
            -4.096095333459526
        ],
        "Cluster Fraction": 15.555555555555555,