{
    "Cluster 1": {
        "Cluster Center": [
            -5.981590405824081,
            1.8087986180839861,
            529307.9378192693,
            0.7136832464563645
        ],
        "Cluster Fraction": 28.765690376569037,
        "Cyclone IDs": [
            20020547,
            20050502,
            19860491,
            19900520,
            20010608,
            20180558,
            20050708,
            20150608,
            20080647,
            20020659,
            20180654,
            19950704,
            20080590,
            20190683,
            19810650,
            20110550,
            20020554,
            20000699,
            20060769,
            19960496,
            19860482,
            19970536,
            20080485,
            19920614,
            20110598,
            20130746,
            19900687,
            19920670,
            19830536,
            19850703,
            20110503,
            19860584,
            19980553,
            19930790,
            20010510,
            19900557,
            19900502,
            19820519,
            20180725,
            20203983,
            19940617,
            19980754,
            20040498,
            19820684,
            19870483,
            19860563,
            20030552,
            20020585,
            19920685,
            20090636,
            20110666,
            20190490,
            19990784,
            20100609,
            20130501,
            20140686,
            19820471,
            20030729,
            20020484,
            20010603,
            20090615,
            20090612,
            19840635,
            20110508,
            19900711,
            20040499,
            19920719,
            20040516,
            19810450,
            20190568,
            20040795,
            19890540,
            19970568,
            20205754,
            19820563,
            19930733,
            20150528,
            19970661,
            20170520,
            19910454,
            19790497,
            20140515,
            19880621,
            20010624,
            19910571,
            20050497,
            19970735,
            20010722,
            20020508,
            20030575,
            19950728,
            20040785,
            19970727,
            20020495,
            19810554,
            19870744,
            20030472,
            20170534,
            19860599,
            20070648,
            19790689,
            20140759,
            19930735,
            20010518,
            20080443,
            20150646,
            20190620,
            19920456,
            20170510,
            19920521,
            19930756,
            19800590,
            19940559,
            20120478,
            19900641,
            20110725,
            19820527,
            20050496,
            20150482,
            19930666,
            20020716,
            20150637,
            19990517,
            19960679,
            19800455,
            20205692,
            19970649,
            20100707,
            19820645,
            19820538,
            20140615,
            20080717,
            19790618,
            20090787,
            19790455,
            20080651,
            20190517,
            19800464,
            19980543,
            19900697,
            20140736,
            19910747,
            20070492,
            20170699,
            19860448,
            20030486
        ]
    },
    "Cluster 2": {
        "Cluster Center": [
            -19.450716258805578,
            3.6254159396768966,
            1083275.2680976482,
            2.6074820608892986
        ],
        "Cluster Fraction": 6.589958158995817,
        "Cyclone IDs": [
            20204458,
            19920606,
            20120465,
            19790535,
            19990755,
            19950656,
            19920700,
            19970690,
            19860529,
            20090623,
            19890513,
            20040533,
            20030464,
            20030513,
            20030546,
            20150650,
            19830754,
            20040792,
            20190661,
            20190716,
            20170504,
            19800646,
            20160539,
            20150746,
            20050485,
            19810659,
            19970594,
            20040614,
            20060739,
            19840547,
            20020608,
            20030727,
            20000789,
            20150537,
            20050523,
            20140712,
            20030716
        ]
    },
    "Cluster 3": {
        "Cluster Center": [
            -1.3553793955324074,
            0.4064465960350876,
            237262.19969051343,
            -0.33094689162303237
        ],
        "Cluster Fraction": 64.64435146443515,