{
    "Cluster 1": {
        "Cluster Center": [
            -4.596968429634968,
            -11.834463228269442,
            -19.721335967713816,
            -11.959729076018117,
            1.0339783826489124,
            3.583807156980977,
            3.485564604900551,
            1.9367115633690337,
            377419.15585741505,
            712158.9280317527,
            1142394.0834927496,
            750100.442774026,
            -1.6799658210063542,
            3.044787059132023,
            2.2978878959885876,
            1.26907840192737,
            2.471957742857943,
            0.5334826681441764,
            -1.6695150183833372,
            -1.1884546711190218,
            4.011080611563932,
            8.286319573605702,
            2.269394879791319,
            -3.559668745758241
        ],
        "Cluster Fraction": 11.715481171548117,
        "Cyclone IDs": [
            19960625,
            20080491,
            20110573,
            20180654,
            20140438,
            20110550,
            20000633,
            20060769,
            20000716,
            20110598,
            20130746,
            20030625,
            19970555,
            19820671,
            20010695,
            19800621,
            19920507,
            20030685,
            20110666,
            20100609,
            20130501,
            19820471,
            19850442,
            20050721,
            20030629,
            20040516,
            20040792,
            20180628,
            19860541,
            19930700,
            19930755,
            19860513,
            20130536,
            20150528,
            19870548,
            19910571,
            20170504,
            20150746,
            20150491,
            20020495,
            20180545,
            19790664,
            19920460,
            20160735,
            19930666,
            19960679,
            20140615,
            20090598,
            19800464,
            19930680,
            19850529,
            19810519,
            19960734,
            20190639,
            20170587,
            19890611
        ]
    },
    "Cluster 2": {
        "Cluster Center": [
            -2.771888823409207,
            -5.57452509848235,
            -5.76369390861389,
            -5.444235129592359,
            0.7779047761194854,
            1.8944246281938528,
            1.7506225768197252,
            1.2062443362367667,
            294751.94149052113,
            454348.3761786252,
            565880.8708471997,
            463661.1950967149,
            -1.8402065367428482,
            1.6092082102125804,
            0.8742655347688637,
            0.6405326377854414,
            2.496199865305913,
            0.918151788530533,
            -1.7285255904051784,
            -0.8149805421595708,
            1.890678257498353,
            3.839716178165614,
            0.9336220893318659,
            -2.3530217534453337
        ],
        "Cluster Fraction": 36.19246861924686,
        "Cyclone IDs": [
            19950592,
            19930515,
            19960665,
            20170676,
            19940472,
            20206010,
            20170491,
            19900520,
            20010608,
            20050708,
            19960752,
            20120541,
            20140651,
            19920714,
            20190691,
            20160555,
            19950549,
            20150608,
            20020659,
            20070584,
            20100735,
            20120530,
            19970476,
            19800695,
            19850438,
            20090477,
            20020554,
            20120465,
            19790535,
            19840505,
            20000699,
            19960496,
            19860482,
            20120628,
            19990625,
            20100675,
            20060564,
            19970536,
            20080485,
            20170707,
            19920614,
            20060783,
            20090537,
            19920670,
            19830536,
            19860584,
            19980471,
            19810721,
            20010510,
            20090553,
            19850479,
            19860601,
            19990731,
            20000602,
            19840533,
            19940617,
            19800703,
            19980754,
            20040498,
            19870483,
            20030552,
            20020585,
            19920685,
            20090636,
            19890452,
            20040557,
            19850499,
            19870701,
            20070562,
            19810609,
            19890513,
            19970596,
            19850648,
            19940479,
            19900579,
            19970724,
            20060654,
            20010603,
            20040456,
            19840635,
            20110587,
            19950794,
            20180576,
            19930584,
            20030464,
            20030546,
            19880496,
            19910739,
            19920719,
            20190746,
            19810450,
            20000561,
            19900661,
            20120612,
            20090736,
            20190568,
            19940548,
            20020490,
            19890465,
            20020688,
            20205754,
            19870641,
            20170520,
            20140515,
            19880621,
            20190661,
            20160721,
            19860551,
            20050497,
            19800646,
            20170749,
            19800614,
            20020508,
            19950728,
            20040565,
            20000465,
            20030472,
            19870666,
            19930602,
            20070648,
            19940640,
            19950512,
            20140759,
            19930735,
            19810659,
            20010518,
            19970698,
            19800636,
            19900755,
            20150646,
            19950500,
            20150468,
            20100690,
            20070474,
            20030521,
            20120478,
            20050636,
            19900641,
            20110725,
            20150482,
            20080542,
            19800640,
            19800455,
            20040614,
            20205692,
            19970649,
            20190574,
            20170548,
            20080717,
            20090787,
            19980778,
            20160527,
            19870679,
            19870709,
            19950558,
            20030750,
            20010500,
            19980543,
            20020608,
            20140736,
            20010588,
            19990509,
            20170756,
            20180548,
            19870533,
            20000789,
            20140712,
            20030716,
            20070766,
            19930649,
            20060503,
            20140468,
            19860610
        ]
    },
    "Cluster 3": {
        "Cluster Center": [
            -0.9553606813138829,
            -1.7640839083094764,
            -1.3849214731326938,
            -1.3260832671846292,
            0.2959509488598203,
            0.735377300193587,
            0.37553750195906255,
            0.27880428842163174,
            245641.3428313576,
            264075.1174389921,
            257244.3272123608,
            223886.18920348366,
            -2.4285711741867626,
            0.8708853009954903,
            0.45186031671431187,
            0.3654018239907256,
            3.411296097268338,
            1.6586067425573336,
            0.1329727130144316,
            0.3675385816646183,
            0.19846643288929267,
            0.8023647276784307,
            0.30637531046343414,
            0.0018696056961362562
        ],
        "Cluster Fraction": 52.09205020920502,