{
    "Cluster 1": {
        "Cluster Center": [
            -0.9553606813138829,
            -1.7640839083094764,
            -1.3849214731326938,
            -1.3260832671846292,
            0.2959509488598203,
            0.735377300193587,
            0.37553750195906255,
            0.27880428842163174,
            245641.3428313576,
            264075.1174389921,
            257244.3272123608,
            223886.18920348366,
            -2.4285711741867626,
            0.8708853009954903,
            0.45186031671431187,
            0.3654018239907256,
            3.411296097268338,
            1.6586067425573336,
            0.1329727130144316,
            0.3675385816646183,
            0.19846643288929267,
            0.8023647276784307,
            0.30637531046343414,
            0.0018696056961362562
        ],
        "Cluster Fraction": 52.09205020920502,
        "Cyclone IDs": [
            19960625,
            20080491,
            20110573,
            20180654,
            20140438,
            20110550,
            20000633,
            20060769,
            20000716,
            20110598,
            20130746,
            20030625,
            19970555,
            19820671,
            20010695,
            19800621,
            19920507,
            20030685,
            20110666,
            20100609,
            20130501,
            19820471,
            19850442,
            20050721,
            20030629,
            20040516,
            20040792,
            20180628,
            19860541,
            19930700,
            19930755,
            19860513,
            20150528,
            19870548,
            19910571,
            20170504,
            20150746,
            20150491,
            20020495,
            20180545,
            19790664,
            19920460,
            20160735,
            19930666,
            19960679,
            20140615,
            20090598,
            19800464,
            19930680,
            19850529,
            19810519,
            19960734,
            20190639,
            20170587,
            19890611
        ]
    },
    "Cluster 2": {
        "Cluster Center": [
            -2.784248645168834,
            -5.5831833918264975,
            -5.747002433616048,
            -5.377038599975802,
            0.8002842767828371,
            1.9217787210075699,
            1.7598829250300914,
            1.1989380215216388,
            296099.9837092303,
            455727.40058652137,
            566796.9549115994,
            465120.75542426633,
            -1.8637730610331587,
            1.6047542324727309,
            0.8827840542857992,
            0.6571766366377707,
            2.5333180496107013,
            0.9052060924988741,
            -1.6728416310450123,
            -0.8008199277932079,
            1.9687755176353718,
            3.9156601046052546,
            1.0168144940882389,
            -2.234984731982161
        ],
        "Cluster Fraction": 36.40167364016737,
        "Cyclone IDs": [
            20020547,
            20050502,
            19860491,
            20180707,
            19880525,
            20050550,
            20204458,
            19810666,
            20204777,
            20180558,
            19790561,
            19970525,
            20204418,
            19910698,
            20080689,
            20160729,
            19960490,
            19830683,
            20080647,
            19990640,
            20080640,
            19950704,
            20180723,
            20080590,
            20190683,
            19890529,
            20060669,
            19810650,
            19800550,
            19880513,
            20120540,
            19920606,
            19990755,
            19940466,
            20140727,
            19850605,
            19940461,
            19880563,
            19870588,
            20010573,
            19950656,
            19920700,
            19900687,
            19850703,
            20110503,
            19980553,
            20150451,
            19930790,
            19970690,
            19860529,
            19890568,
            20070615,
            19970465,
            19820676,
            20030665,
            19950672,
            19810733,
            19960528,
            20010505,
            19900557,
            19900502,
            19820519,
            20180725,
            19860591,
            20170596,
            20090541,
            20203983,
            19920697,
            19880740,
            20090623,
            19820684,
            19930722,
            19860563,
            20140544,
            20190677,
            19890577,
            20120596,
            20100534,
            20110699,
            20190490,
            19990784,
            20070530,
            20140686,
            19980484,
            19930762,
            20040533,
            19850575,
            19810475,
            20160647,
            19860462,
            19960501,
            20030729,
            20020484,
            20090615,
            20140598,
            20140532,
            20090612,
            19970614,
            19820452,
            19920759,
            19940773,
            20110508,
            20020613,
            20190519,
            20030513,
            19900711,
            20040499,
            20150650,
            19900720,
            20205822,
            19970585,
            20190777,
            19830754,
            20040795,
            19890540,
            19970568,
            19980606,
            19910460,
            20090723,
            20080501,
            20090591,
            19820563,
            19790752,
            20110485,
            20060661,
            20150458,
            19930733,
            20050596,
            19970661,
            19910454,
            19790497,
            20080567,
            19800740,
            19920709,
            20010624,
            20190509,
            20110518,
            20070573,
            19860417,
            20160742,
            20140668,
            20120642,
            20040463,
            19890534,
            20190716,
            19970735,
            20060587,
            20160539,
            20190657,
            20010722,
            20030575,
            20040785,
            20070557,
            19970727,
            20050485,
            19810554,
            19870744,
            20160711,
            20020650,
            20070575,
            20170534,
            19860599,
            19880667,
            19900518,
            19860526,
            19790689,
            19980479,
            20120774,
            19930798,
            20190492,
            20080443,
            19980743,
            20110713,
            20190620,
            20010700,
            19920456,
            20170510,
            20170467,
            19920521,
            19930756,
            19800590,
            19830635,
            19940559,
            19970594,
            19820527,
            20050496,
            20020716,
            19980760,
            19850565,
            20000501,
            19890504,
            20150637,
            19990517,
            20080672,
            20060739,
            20100707,
            20050541,
            19820645,
            19840547,
            19820538,
            19920579,
            20000706,
            20070509,
            19790618,
            19790455,
            20010512,
            20100601,
            20204833,
            19970638,
            19990774,
            20050562,
            20080651,
            20190517,
            20040485,
            19970472,
            19910585,
            20100731,
            19790691,
            19900697,
            20190695,
            20060498,
            20010570,
            20160649,
            19950770,
            20150546,
