{
    "Cluster 1": {
        "Cluster Center": [
            -2.0611781603851966,
            -2.902200793393993,
            -7.934005624527719,
            -2.3807634076063096,
            0.5579510281430542,
            1.0376469492877445,
            1.4250408942958832,
            0.6669239167702393,
            260450.8417327049,
            393788.70305605745,
            478380.0009631249,
            315744.4181924587,
            1.260401082910877,
            2.940498067426695,
            1.978270267904247,
            -0.4178449860766055,
            -0.22050410354528827,
            0.9931529916328963,
            1.8944056155616316,
            0.8820388790348496,
            -0.9814219901842262,
            1.8657211309689488,
            -1.84490298849926,
            -1.2200806888386686
        ],
        "Cluster Fraction": 50.0,
        "Cyclone IDs": [
            20150234,
            20203664,
            19900079,
            20050902,
            20010726,
            20000403,
            20160601,
            19880950,
            19820586
        ]
    },
    "Cluster 2": {
        "Cluster Center": [
            -0.5603032662789851,
            -4.60465127883723,
            -0.14540023998007,
            -3.206308774143006,
            0.29556553903263033,
            1.22659098729889,
            0.900021804937491,
            0.5568157091676216,
            205125.5972122808,
            381005.17976690095,
            851081.5309017041,
            670611.5460969142,
            0.703344497966888,
            1.8696021403007905,
            1.5187508257112134,
            0.6362844981087619,
            1.22554242557014,
            1.0771460711068126,
            -2.387575564785177,
            0.28467732180543015,
            -2.2628363784984598,
            0.3749588649199709,
            6.303464451246913,
            -5.771458447115021
        ],
        "Cluster Fraction": 38.88888888888889,
        "Cyclone IDs": [
            19841002,
            20000494,
            19840242,
            20130273,
            20100541,
            20020221,
            19840455
        ]
    },
    "Cluster 3": {
        "Cluster Center": [
            -2.337190420849473,
            -11.728794565821566,
            -20.120180545551477,
            -7.448082664074162,
            1.6951150465117413,
            4.0480251500961835,
            3.4371941927859986,
            1.1528215898187193,
            354079.3201097612,
            809129.5076573475,
            1031279.4547189351,
            546573.5314047653,
            3.884991633709787,
            5.650699170694923,
            1.5987910851514584,
            0.4663941805530558,
            -0.2600830451786461,
            -1.9380769143118326,
            0.5075319905090686,
            -1.6536216912974122,
            -4.783118264636657,
            3.454180932279822,
            2.4401866726155195,
            -6.185715294136899
        ],
        "Cluster Fraction": 11.11111111111111,
        "Cyclone IDs": [
            19870554,
            20090434
        ]
    }
}