{
    "Cluster 1": {
        "Cluster Center": [
            -2.680921154163832,
            0.8294804543434771,
            272074.34823647153,
            1.3498662572835856
        ],
        "Cluster Fraction": 53.044871794871796,
        "Cyclone IDs": [
            20030600,
            20010567,
            20070518,
            20010535,
            20000745,
            20180747,
            19820677,
            19870477,
            20010503,
            20150532,
            19930571,
            19900709,
            20010499,
            20030653,
            20130777,
            19990740,
            20000751,
            19970470,
            19960652,
            19960612,
            19970518,
            19950708,
            20000787,
            19820514,
            20160754,
            20100502,
            20040443,
            20030796,
            20140648,
            19800580,
            20080440,
            20090712,
            19940726,
            20010743,
            20170514,
            20110715,
            19920679,
            19840730,
            19910524,
            20130517,
            19860608,
            20150655,
            20020717,
            19880650,
            20050558,
            19900528,
            19960557,
            19870586,
            20204795,
            20180608,
            19880698,
            20080566,
            20010583,
            19840518,
            19970579,
            19990542,
            19940463,
            19870780,
            20020503,
            20150515,
            20100715,
            20050471,
            20030799,
            19910496,
            20150628,
            19860409,
            20040715,
            20140706,
            20060680,
            19940477,
            20130656,
            19930505,
            20206591,
            20100730,
            19870748,
            19930793,
            19900541,
            20100655,
            19940536,
            19820660,
            20130635,
            20160498
        ]
    },
    "Cluster 2": {
        "Cluster Center": [
            -15.86508230595501,
            3.3299606555778736,
            1152861.870009132,
            3.9774176558474315
        ],
        "Cluster Fraction": 12.660256410256409,
        "Cyclone IDs": [
            20180688,
            20150499,
            19800738,
            20100705,
            20170485,
            19990712,
            19900451,
            19810586,
            20120777,
            19790594,
            20170696,
            20110774,
            19810473,
            19840746,
            19820516,
            19790585,
            20060799,
            19820450,
            20060761,
            20204603,
            19990817,
            20130666,
            20020457,
            19820549,
            19900488,
            19800759
        ]
    },
    "Cluster 3": {
        "Cluster Center": [
            -5.8073448466088236,
            2.3325360247490323,
            617236.5842433289,
            3.814832320924382
        ],
        "Cluster Fraction": 34.294871794871796,
        "Cyclone IDs": [
            19960715,
            19920528,
            20204062,
            19910603,
            19830515,
            20110787,
            20000595,
            20000720,
            19850560,
            19830490,
            19940674,
            20160490,
            19980485,
            19900494,
            20090622,
            20120582,
            20010633,
            19840674,
            19920455,
            19880528,
            19870495,
            20060645,
            20190605,
            20060772,
            20130534,
            20160644,
            19850454,
            19930650,
            20190742,
            20160486,
            20030573,
            19920451,
            19910541,
            20180516,
            19910691,
            19890509,
            19860667,
            20180610,
            20180578,
            19830443,
            19880648,
            19910662,
            20090521,
            20000776,
            20160692,
            19890594,
            19820667,
            20170760
        ]
    }
}