{
    "Cluster 1": {
        "Cluster Center": [
            -9.85427812358246,
            -8.576698772880835,
            -10.82443014539467,
            -5.501258251136639,
            2.76180404308628,
            3.387490691302107,
            2.860288359491991,
            1.7156912133221573,
            692250.3619753863,
            1008319.8851390388,
            1324808.7139356188,
            1115098.131017178,
            1.778809271101318,
            7.22186853296235,
            4.332379439788073,
            1.4688503176191172,
            0.6984398301978061,
            -1.1685782849518889,
            -2.1904780630389715,
            -1.4896871906263198,
            2.2798994467900595,
            13.66579433780086,
            11.739264770464715,
            5.548604179136051
        ],
        "Cluster Fraction": 8.974358974358974,
        "Cyclone IDs": [
            19960715,
            20010567,
            20070518,
            20150532,
            19990712,
            19940674,
            20110774,
            19920679,
            19860608,
            19840746,
            19990542,
            19910662,
            19890594,
            20170760
        ]
    },
    "Cluster 2": {
        "Cluster Center": [
            -6.417814731698157,
            -9.401668869130107,
            -11.91518975489323,
            -7.163875631617049,
            2.2766771275810602,
            3.674215822211621,
            2.5138267438174373,
            1.1868452645470096,
            450507.7782719461,
            701772.8363164228,
            840346.4164411123,
            557321.3610154326,
            1.132436338293574,
            5.593650665098076,
            3.855326866996282,
            1.230953675410204,
            -0.26318515586358854,
            0.8158652987552872,
            -0.08617448626847551,
            0.13472363457522182,
            4.097596803796742,
            5.467448517833521,
            -0.5927612165557639,
            -3.6104075596279888
        ],
        "Cluster Fraction": 36.53846153846153,
        "Cyclone IDs": [
            20000745,
            19820677,
            19910603,
            20010503,
            19930571,
            20030653,
            19830515,
            20100705,
            20110787,
            19990740,
            19960652,
            19960612,
            20000595,
            19810586,
            20000787,
            20100502,
            20140648,
            19850560,
            19940726,
            19980485,
            20120777,
            19900494,
            19790594,
            20110715,
            19870495,
            19910524,
            20190605,
            20060772,
            20130534,
            20050558,
            19960557,
            19870586,
            20204795,
            20180608,
            20190742,
            20080566,
            20030573,
            19920451,
            20180516,
            19790585,
            20060799,
            19970579,
            19940463,
            20050471,
            20150628,
            19860409,
            20040715,
            20180610,
            20130666,
            20060680,
            19820549,
            19940477,
            19930505,
            20100730,
            19870748,
            19820660,
            20130635
        ]
    },
    "Cluster 3": {
        "Cluster Center": [
            -2.3402301708101203,
            -3.018607103818501,
            -2.9206837540894925,
            -2.3991565594317765,
            1.0423342586739692,
            1.3365443405295814,
            0.9500988545883353,
            0.6297824116062772,
            267124.8398943635,
            347581.1949823437,
            371958.4826352731,
            306365.9341299572,
            1.3704930197348082,
            3.572713811682282,
            2.4438471474751218,
            0.811348217337738,
            0.8761484223359755,
            2.6973452160551696,
            0.8207987700710855,
            0.20138738273032067,
            0.4101172018651167,
            0.2314234152250494,
            -0.26570267702195083,
            -0.5784549406629721
        ],
        "Cluster Fraction": 54.48717948717948,
        "Cyclone IDs": [
            19920528,
            20180688,
            20150499,
            20030600,
            20010535,
            20180747,
            20204062,
            19870477,
            19900709,
            20010499,
            19800738,
            20170485,
            20130777,
            19900451,
            20000751,
            19970470,
            20000720,
            19970518,
            19950708,
            19820514,
            20160754,
            20040443,
            20030796,
            19830490,
            19800580,
            20080440,
            20090712,
            20160490,
            20010743,
            20090622,
            20120582,
            20010633,
            20170696,
            19840674,
            19810473,
            19920455,
            19880528,
            20170514,
            19840730,
            20130517,
            20150655,
            20020717,
            20060645,
            19880650,
            20160644,
            19900528,
            19850454,
            19820516,
            19930650,
            20160486,
            19880698,
            20010583,
            19840518,
            19910541,
            19820450,
            20060761,
            19910691,
            19870780,
            19890509,
            19860667,
            20204603,
            20020503,
            20150515,
            20100715,
            20030799,
            19910496,
            20140706,
            19990817,
            20180578,
            19830443,
            20020457,
            19900488,
            19800759,
            20130656,
            19880648,
            20090521,
            20206591,
            20000776,
            20160692,
            19930793,
            19900541,
            20100655,
            19940536,
            19820667,
            20160498
        ]
    }
}