{
    "Cluster 1": {
        "Cluster Center": [
            -2.651138904324208,
            -3.349248338191213,
            -2.8308849981441355,
            -2.541671646020076,
            1.1398517569330342,
            1.5755319529841745,
            1.0309598340614134,
            0.6775529556600498,
            273873.282179873,
            384794.58204300434,
            419985.7821634511,
            338588.27684144216,
            1.350558740870775,
            3.6513856750936564,
            2.4850967279666625,
            0.9213194296150029
        ],
        "Cluster Fraction": 65.38461538461539,
        "Cyclone IDs": [
            19920528,
            20180688,
            20150499,
            20030600,
            20010535,
            20180747,
            20204062,
            19820677,
            19870477,
            20010503,
            19900709,
            20010499,
            19800738,
            20170485,
            20130777,
            19900451,
            20000751,
            19970470,
            19810586,
            20000720,
            19970518,
            19950708,
            20000787,
            19820514,
            20160754,
            20040443,
            20030796,
            19830490,
            19800580,
            20080440,
            20090712,
            20160490,
            20120777,
            20010743,
            20090622,
            20120582,
            20010633,
            19790594,
            20170696,
            19840674,
            19810473,
            19920455,
            19880528,
            20170514,
            19870495,
            19840730,
            19910524,
            20130517,
            20150655,
            20020717,
            20060645,
            19880650,
            20130534,
            20160644,
            19900528,
            19870586,
            19850454,
            19820516,
            19930650,
            20190742,
            20160486,
            19880698,
            19920451,
            20010583,
            19840518,
            19910541,
            20180516,
            19820450,
            20060761,
            19910691,
            19940463,
            19870780,
            19890509,
            19860667,
            20204603,
            20020503,
            20150515,
            20100715,
            20050471,
            20030799,
            19910496,
            20140706,
            19990817,
            20180578,
            19830443,
            20020457,
            19900488,
            19800759,
            19940477,
            20130656,
            19880648,
            20090521,
            20206591,
            20000776,
            20160692,
            19930793,
            19900541,
            20100655,
            19940536,
            20130635,
            19820667,
            20160498
        ]
    },
    "Cluster 2": {
        "Cluster Center": [
            -4.565673630693416,
            -8.626071848746111,
            -14.143631894798466,
            -12.600032211166802,
            1.347073213458137,
            3.2527188862031164,
            3.222219216024917,
            1.9583228029652227,
            384619.84030122485,
            681449.0779133656,
            1097378.4876797188,
            1007586.4224752663,
            1.2969334089052331,
            5.6551077180018074,
            4.467375718642447,
            1.4533680769155066
        ],
        "Cluster Fraction": 16.025641025641026,
        "Cyclone IDs": [
            19960715,
            20010567,
            20070518,
            20000745,
            20100705,
            20110787,
            19960652,
            19940674,
            19940726,
            19980485,
            20110774,
            20110715,
            19920679,
            20204795,
            20180608,
            20030573,
            19790585,
            19990542,
            20040715,
            20180610,
            20130666,
            20060680,
            19910662,
            20100730,
            20170760
        ]
    },
    "Cluster 3": {
        "Cluster Center": [
            -10.970237549910522,
            -12.250875361074616,
            -15.0560306890132,
            -3.966742099881656,
            3.692846735137683,
            4.42893824585664,
            2.7026613998483864,
            0.9356169138195749,
            707775.4838034331,
            944022.6661814235,
            958294.0270198379,
            472211.4142571639,
            1.233233826350379,
            7.234685846739968,
            4.240334203191232,
            1.0132440922461734
        ],
        "Cluster Fraction": 18.58974358974359,
        "Cyclone IDs": [
            19910603,
            20150532,
            19930571,
            20030653,
            19830515,
            19990712,
            19990740,
            19960612,
            20000595,
            20100502,
            20140648,
            19850560,
            19900494,
            19860608,
            19840746,
            20190605,
            20060772,
            20050558,
            19960557,
            20080566,
            20060799,
            19970579,
            20150628,
            19860409,
            19820549,
            19930505,
            19870748,
            19890594,
            19820660
        ]
    }
}