{
    "Cluster 1": {
        "Cluster Center": [
            -1.4924285297250568,
            -2.353140827907886,
            -2.0480556970057986,
            0.5418398130962692,
            0.4025740395991536,
            0.3352434791796118,
            271225.56872198917,
            249571.31044095237,
            213371.28721334095,
            0.5213538370251041,
            0.7998789623982004,
            0.4061196276659619,
            1.536156308107256,
            -0.013856304457458557,
            -0.05813547126001242,
            -0.06886516981367308,
            -0.8178341468782492,
            -0.8298692875370276
        ],
        "Cluster Fraction": 59.480519480519476,
        "Cyclone IDs": [
            19970412,
            19790451,
            19950933,
            19851079,
            19930891,
            19970969,
            20160619,
            20030801,
            20208980,
            19960954,
            20170912,
            19850773,
            20130807,
            19940299,
            19850721,
            20130755,
            20170777,
            20161047,
            20000387,
            20180583,
            19810003,
            19870029,
            19880514,
            19810495,
            20001179,
            20070623,
            20181059,
            19830869,
            20030962,
            19950611,
            19910117,
            20010992,
            20120422,
            20202129,
            19820391,
            20040656,
            20190453,
            19900978,
            19800445,
            20060488,
            20130741,
            20031168,
            20070963,
            19890041,
            19960762,
            20050572,
            19820469,
            20191177,
            19860185,
            19940732,
            20001110,
            20130436,
            19960400,
            20130669,
            20020854,
            19850080,
            20070991,
            19861023,
            19970113,
            20060390,
            19940142,
            19970962,
            19930107,
            20170341,
            20111092,
            19840116,
            20141142,
            19951026,
            19960514,
            20060763,
            20030330,
            19940493,
            20204563,
            20010020,
            20081147,
            19880519,
            20140678,
            19830600,
            19870071,
            20070215,
            19900835,
            20190065,
            20060268,
            19890362,
            19890240,
            19960207,
            20190559,
            20090040,
            19890289,
            19900772,
            20120268,
            19800733,
            19870007,
            19990158,
            19900339,
            19830100,
            19961040,
            19790651,
            19891040,
            20130783,
            19830062,
            19870764,
            19800998,
            19970600,
            20100059,
            20090826,
            19830051,
            19880751,
            19840163,
            20090742,
            19810440,
            20120134,
            19920421,
            20110269,
            19790036,
            20100929,
            19810570,
            20000247,
            20120921,
            19861003,
            19790771,
            19870127,
            19800382,
            20110614,
            20020874,
            20041100,
            20140018,
            20040537,
            19991126,
            19880645,
            19870581,
            19880710,
            20160075,
            19961060,
            20000191,
            20051118,
            19890049,
            19950470,
            19991066,
            19900071,
            20010023,
            19940176,
            19891102,
            19921103,
            19840914,
            20100507,
            20020439,
            19900040,
            19790384,
            20200569,
            20000514,
            19790806,
            20020117,
            20000090,
            19881094,
            19901096,
            20131105,
            19990498,
            20080460,
            19931186,
            20207746,
            20020872,
            19801088,
            19970521,
            20141118,
            19860143,
            19800797,
            19790336,
            20090366,
            20040653,
            20204409,
            20120557,
            20140976,
            20030132,
            19950569,
            19960117,
            19880894,
            20180011,
            20071038,
            19880316,
            19860380,
            19930981,
            20100596,
            20160516,
            20140496,
            20200685,
            19981133,
            19950106,
            19980434,
            20204034,
            20021142,
            19820674,
            20120451,
            20170127,
            20010668,
            20202709,
            20061132,
            19940353,
            19801064,
            19910071,
            20160048,
            19860493,
            20180705,
            20000913,
            20110783,
            19980786,
            20161074,
            20020233,
            19790729,
            20150882,
            19880598,
            20050547,
            19860287,
            19801076,
            19990645,
            20091135,
            20020180,
            19910723,
            19880551,
            19820492,
            20041019,
            19850823,
            19991080,
            20021061,
            20180160,
            19820478,
            19800690,
            20130111,
            20040282
        ]
    },
    "Cluster 2": {
        "Cluster Center": [
            -6.095039857409656,
            -6.004656712744678,
            -4.0826333044039735,
            2.001384905150508,
            1.5922720054578403,
            1.042601139050236,
            592507.0946158494,
            585702.0753012738,
            398583.5765388317,
            2.7798486670790865,
            2.2150645389903127,
            0.9568034990640928,
            0.961938289979392,
            -0.24697521794929517,
            -0.38155895112151406,
            2.4957290811384727,
            -1.9952888423462203,
            -2.5320254868052894
        ],
        "Cluster Fraction": 32.98701298701299,