{
    "Cluster 1": {
        "Cluster Center": [
            -1.222997103739744,
            0.31840417242398356,
            196958.8569257976,
            1.1899261347186356
        ],
        "Cluster Fraction": 66.2568306010929,
        "Cyclone IDs": [
            20200994,
            19850045,
            20020159,
            19841134,
            20040075,
            20180170,
            20100133,
            19990014,
            19940008,
            20001086,
            19831112,
            19950142,
            19901161,
            19961091,
            20171182,
            20111075,
            20200561,
            20020028,
            20000157,
            19890164,
            20120058,
            20040144,
            19990055,
            19860007,
            20190069,
            19980158,
            20000003,
            19970153,
            19961070,
            19830040,
            19930155,
            19800134,
            20011093,
            20141160,
            20050057,
            19811145,
            19980031,
            20071141,
            20050132,
            19920068,
            20030090,
            19860129,
            19900032,
            19830163,
            19910008,
            20060088,
            20090130,
            20010126,
            19961137,
            20080158,
            19820128,
            20050144,
            19891130,
            20001160,
            20101174,
            19921100,
            20100095,
            20180138,
            19940047,
            20150123,
            20021093,
            20090026,
            19940106,
            20160132,
            20180181,
            20181098,
            20190116,
            19890139,
            20071110,
            19960009,
            20110030,
            20150024,
            20190160,
            20071134,
            20180148,
            20081132,
            19791097,
            19821108,
            20140124,
            19941164,
            20209664,
            19890032,
            19810063,
            20051053,
            20100064,
            19901154,
            19830149,
            19950064,
            19800068,
            19880079,
            20050169,
            19881142,
            20191110,
            20150097,
            20040100,
            19850089,
            19940058,
            19811090
        ]
    },
    "Cluster 2": {
        "Cluster Center": [
            -4.674642137928904,
            1.3833112695045462,
            453441.5026937,
            3.097379284206937
        ],
        "Cluster Fraction": 26.775956284153008,
        "Cyclone IDs": [
            20040003,
            19890023,
            20201027,
            20030124,
            19931114,
            19990153,
            19981100,
            19890100,
            19801067,
            20130022,
            19811086,
            19970029,
            20071100,
            20060153,
            20150167,
            20121119,
            20150135,
            20020131,
            19961112,
            20201416,
            19971096,
            20161085,
            20209838,
            20209220,
            20120089,
            19980076,
            19931096,
            19811105,
            19811134,
            19930146,
            19821101,
            20050033,
            19961099,
            20051083,
            19900123,
            20020103,
            20040159,
            20201322,
            19931078,
            20190151,
            19880021,
            20120116,
            20090004,
            19900015,
            19790001,
            20061109,
            19991180,
            20151141,
            20040071,
            20041118,
            19980178,
            20070061,
            20200790,
            20100077,
            20151123,
            19930039,
            20000052,
            19841112,
            19860056,
            20081078,
            20130073,
            20180010,
            20101068
        ]
    },
    "Cluster 3": {
        "Cluster Center": [
            -14.646677255218687,
            2.7561965704663662,
            909525.6488522494,
            2.8913166619679567
        ],
        "Cluster Fraction": 6.967213114754098,
        "Cyclone IDs": [
            19820052,
            20131096,
            20130047,
            20171200,
            19931164,
            19930124,
            19930007,
            20110017,
            19910094,
            19821089,
            19900006,
            20000029,
            20031157,
            20160145,
            20080093,
            19951096,
            20011130,
            20190094,
            19951168,
            19930079,
            20071109,
            19831117
        ]
    }
}