{
    "Cluster 1": {
        "Cluster Center": [
            -0.6151813577861885,
            -1.0289902207150479,
            -1.6549427967442631,
            -1.1009030544494776,
            0.30746515156357435,
            0.4182998776668435,
            0.4151724819053917,
            0.30319079071189015,
            172110.58669744962,
            206384.85481699643,
            226933.62241642052,
            207471.0719235235,
            0.6364515183523216,
            1.9128503021003291,
            1.7914550009947456,
            1.0524285559621065
        ],
        "Cluster Fraction": 54.644808743169406,
        "Cyclone IDs": [
            19820052,
            20040003,
            19850045,
            19890023,
            20201027,
            20130047,
            19990014,
            19940008,
            19831112,
            19950142,
            19990153,
            20111075,
            19981100,
            20171200,
            19890100,
            20120058,
            20040144,
            19990055,
            19930124,
            20060153,
            20121119,
            20150135,
            20020131,
            19961112,
            20209838,
            19930155,
            20209220,
            20141160,
            20050057,
            19811145,
            19980031,
            20071141,
            19980076,
            19900032,
            20060088,
            19930007,
            20110017,
            19930146,
            19910094,
            19821089,
            19961137,
            19821101,
            19820128,
            20050144,
            20101174,
            19921100,
            20100095,
            20051083,
            20021093,
            20090026,
            19900123,
            19900006,
            20160132,
            20160145,
            20180181,
            20181098,
            20190116,
            20190151,
            19880021,
            19960009,
            20120116,
            20150024,
            19900015,
            20190160,
            20071134,
            19790001,
            20081132,
            19821108,
            20140124,
            20209664,
            19890032,
            19810063,
            20051053,
            20100064,
            19901154,
            19830149,
            19991180,
            19950064,
            19800068,
            19880079,
            20151141,
            20050169,
            20190094,
            20041118,
            19980178,
            20070061,
            20200790,
            20100077,
            20151123,
            19930039,
            20191110,
            20000052,
            20071109,
            19860056,
            20130073,
            19850089,
            19940058,
            19811090,
            20101068,
            19831117
        ]
    },
    "Cluster 2": {
        "Cluster Center": [
            -4.63226216125906,
            -9.044285585668762,
            -17.984004845019612,
            -10.330838143761575,
            1.3273524289264693,
            2.771688123671911,
            3.0126583066582597,
            1.5845187028253223,
            332128.04604106833,
            631339.6241109204,
            1001027.4445754788,
            637091.3486968959,
            0.7906060092362415,
            5.261787754641732,
            2.913361004519852,
            1.7346353757814674
        ],
        "Cluster Fraction": 10.382513661202186,
        "Cyclone IDs": [
            20200994,
            20020159,
            19961091,
            19931164,
            20020028,
            19860007,
            19980158,
            19961070,
            19971096,
            19800134,
            19891130,
            20180138,
            20071110,
            19931078,
            20061109,
            19951096,
            19930079,
            20150097,
            19841112
        ]
    },
    "Cluster 3": {
        "Cluster Center": [
            -2.274050332729435,
            -3.5364770680831406,
            -6.086648889486483,
            -4.017289763076334,
            1.039674170136078,
            1.3929732419361256,
            1.017814896496478,
            0.5570391551497645,
            302320.7111414898,
            454571.6144877254,
            463143.54150873347,
            343483.38032986136,
            1.6133949173632758,
            4.058330608159614,
            2.7433002177554076,
            0.7885947930202474
        ],
        "Cluster Fraction": 34.97267759562842,
        "Cyclone IDs": [
            20131096,
            19841134,
            20030124,
            19931114,
            20040075,
            20180170,
            20100133,
            20001086,
            19901161,
            20171182,
            20200561,
            19801067,
            20000157,
            19890164,
            20190069,
            20130022,
            19811086,
            19970029,
            20000003,
            19970153,
            20071100,
            19830040,
            20150167,
            20201416,
            20161085,
            20011093,
            20120089,
            19931096,
            20050132,
            19920068,
            20030090,
            19860129,
            19811105,
            19830163,
            19910008,
            19811134,
            20090130,
            20010126,
            20080158,
            20050033,
            20001160,
            19961099,
            19940047,
            20150123,
            19940106,
            20020103,
            20000029,
            20031157,
            20040159,
            20201322,
            19890139,
            20110030,
            20080093,
            20090004,
            20180148,
            19791097,
            19941164,
            20011130,
            20040071,
            19951168,
            19881142,
            20040100,
            20081078,
            20180010
        ]
    }
}