,Az,Ae,Kz,Ke,Cz,Ca,Ck,Ce,BAz,BAe,BKz,BKe,Gz,Ge,∂Az/∂t (finite diff.),∂Ae/∂t (finite diff.),∂Kz/∂t (finite diff.),∂Ke/∂t (finite diff.),RGz,RKz,RGe,RKe
incipient,1489255.0447755724,229512.04576824154,2072188.0400393894,549448.395607507,8.665665280989806,2.696955201184112,-7.805731648404714,10.108108960114206,27.532799675082302,-4.313682636975222,0.019269864881427345,-10.265234869607378,-0.6905996136902814,2.2899887567889063,11.745840334686612,-1.9118565222339552,-3.1254677695350224,-1.8923879657335867,-4.424338858221775,-4.004671267001541,9.81297987367136,-9.54099370464513
intensification,984490.0109088554,215971.17390648508,1100069.4326223205,661765.6620055957,17.20754990914623,1.1569203479183294,-4.689238523247237,6.158458197259458,7.045295556801613,-0.39331191866949744,-7.544128360523945,-6.704407178313413,3.931509001061088,4.581870240733087,-9.608899188205191,0.6523370261980959,-8.050250996280779,3.1898651121535337,1.7102755120577566,-13.024434021655829,6.047186794208721,-0.9534244300397469
mature,190363.2778162942,222306.01913836607,547319.2815240315,965050.4598704284,1.8452226460625993,0.29652312578040585,0.25965067137815795,5.267349818476073,-0.504441059793444,-0.36742615160287584,-7.06047198962841,0.17132667800335577,1.206144852133835,3.58833491000331,-2.458116510236786,-1.3371769124203505,-0.7164494087497381,0.9652189824290671,0.18807032139966331,4.2391492634379135,4.0010759318781925,-4.213806842672203
decay,365875.9838708474,174394.9981187689,1229467.9417058716,674062.5051099786,-1.9541340219963397,0.2390390663011317,4.628060657813115,1.5812821743198635,3.4728627285241163,0.996909812877076,-2.07396892447579,2.7756176314888945,0.07419935033085663,0.4036707930106021,5.048339451639277,0.4552986432523674,12.103098892033653,-4.433416809816511,-0.13961823258004646,11.50314118069267,0.8006319383940235,-4.162255957812155
