,Az,Ae,Kz,Ke,Cz,Ca,Ck,Ce,BAz,BAe,BKz,BKe,Gz,Ge,∂Az/∂t (finite diff.),∂Ae/∂t (finite diff.),∂Kz/∂t (finite diff.),∂Ke/∂t (finite diff.),RGz,RKz,RGe,RKe
incipient,364283.11377091985,154010.7542885062,3838375.561482874,340569.9245115256,4.559971212033076,2.526515650530255,-3.5910696070866663,3.5128199939614873,10.751218722272297,1.4758153586558305,-26.304111538461303,-7.90941606964094,-0.4997130285925718,0.15526252246377334,-0.9395858422616422,5.030871727530119,-26.062530204388732,-0.2643979042961336,-4.604317701970609,-0.7273202708738337,4.54136071230552,0.541128564296653
intensification,311097.5377776809,290713.94618894253,3236971.453634164,556751.8048616764,0.0366244744791395,3.9222835983627693,-7.349850105361565,8.104150337494865,10.574039437926531,0.12098247361669229,-2.9313416673242783,-2.3207705271233423,-1.9936663436222504,0.2674148660123264,-0.5995558240477948,-0.17699045231641036,-4.367159651338856,4.5744309414403235,-7.214687189132417,5.877407646867848,3.883893813198991,-8.558798974292763
mature,271602.2317567199,224573.20486089573,2601424.3949589096,777983.2253134202,1.2514959292711254,2.291826010405119,-12.205674805543405,6.6369872667115,8.471355146394751,-1.2661556687596016,-3.1447646307508363,-25.30199675124785,-1.2774879261821082,1.419576283860136,2.8185523026453057,0.2738578493559139,-13.429399736737855,-5.891828606414971,-2.1094809040732017,0.6695437702852634,5.8851747744218965,0.5675060725779705
decay,108962.46527721989,265371.4830706816,752900.1269068364,366878.4764111962,1.313918915474785,0.7560518622068303,-6.598483855727913,1.1458702080677492,1.3195387248043626,0.2902322616829574,-2.5764008323651546,-12.170455173217762,-0.1503197381949221,-1.2290887838260371,-1.9876092430059946,-0.5301986905980728,-10.259624533021988,-1.5748110944240903,-1.2371771901287423,-2.3986587604037055,-0.4306126064201111,2.851290014998011
