,Az,Ae,Kz,Ke,Cz,Ca,Ck,Ce,BAz,BAe,BKz,BKe,Gz,Ge,∂Az/∂t (finite diff.),∂Ae/∂t (finite diff.),∂Kz/∂t (finite diff.),∂Ke/∂t (finite diff.),RGz,RKz,RGe,RKe
incipient,491690.69101008645,226683.67040323472,3747679.4423005423,292955.7896412612,0.67801362673433,1.4686522240863717,-4.624108109304581,4.714348070567221,3.394850560223585,-1.4686713246907308,-3.8808130768092006,-3.5079223985354,1.0289097309346036,2.544934293265455,1.0293124627474937,0.03134116520579307,13.258185494879115,0.02589607769778075,-0.21887224665538926,21.085093054258568,4.745708336377371,-5.804637703638621
intensification,313191.1229392454,799240.5032156068,4081083.307786674,1139770.4604581667,-0.32750567642683087,10.190912011517561,-14.08202076107413,21.242983777148893,25.127083496420212,-7.44928618954487,-38.73341667409899,-0.30142633177017236,-0.6206843796837558,10.7613389406296,-1.9775893110147953,7.627064916119132,0.2641213825706279,9.344994819135733,-17.241266472344282,53.40706449417057,26.128422871295335,-25.67858338731713
mature,416713.45670423785,943383.7505587792,4442508.589778746,1192010.7835233808,3.1943737519048727,15.408237626805624,1.6632052833471562,7.8517343604940235,47.8757334901513,-46.69380897484738,-62.46629063038141,-1.7183825178568306,1.5552267444787469,3.9581345308385627,6.75015046544403,-5.207342621361154,6.733011201833885,-8.927291157344733,-22.52297164599678,64.34172279696327,33.92996308717462,-13.39743771663477
decay,235724.18952057592,731274.2387481058,2968554.261817356,1549730.0430131822,1.1514740409775124,6.1840971042658905,-24.940951581224343,2.0771244136594276,13.711959070468321,-9.84610149697807,-11.64400018539922,-31.23499492142558,0.10970122700718205,-4.203829590913964,-2.5821930591811504,-2.764566339702594,-9.18108701386711,-3.4822061640018367,-8.958580984406067,26.252390711778943,2.9745624666690116,0.7347127625399705
