,Az,Ae,Kz,Ke,Cz,Ca,Ck,Ce,BAz,BAe,BKz,BKe,Gz,Ge,∂Az/∂t (finite diff.),∂Ae/∂t (finite diff.),∂Kz/∂t (finite diff.),∂Ke/∂t (finite diff.),RGz,RKz,RGe,RKe
incipient,333551.6709802902,199938.08411224198,1093013.2605889682,703801.6593424319,2.6791402971694827,1.1986530666220645,11.915564133057899,5.879830238342341,0.8772723570518401,1.6858015075438715,-20.55130323066278,1.3926319683856052,2.8027818747404964,3.219586062076402,-1.916455614066933,1.4720397998215151,-4.2844301059746135,5.2229559070060105,1.084065392672774,1.672168694460782,4.467415463997921,9.866057833335963
intensification,231867.75449466126,280782.97682845686,994738.9215119259,868342.3130272512,-2.9692504810555524,1.3311523291847274,13.26300158443895,9.842504577696102,2.4818260982834333,1.6179427169788736,-14.641775299787032,2.935717441916986,-2.404678082023108,4.98700255381675,-0.9448886474589949,0.8235756709881109,1.1568414428587754,0.17668225120128156,-5.064812897613253,5.504865639262412,7.716985202520612,0.6614618160271417
mature,252666.41638926067,242805.69376923464,1170627.8260223293,648041.287596239,-0.4816991628105779,0.7943794993209627,12.599215277449488,4.156325512573085,3.102126258402634,-1.2916422399359047,-7.872718054508689,3.9316480084991077,-0.43998993208947546,1.759631184136218,1.073514276800482,-1.7391618134761888,2.2180474425546843,-6.3789172055606915,-1.7159316450917674,-2.0267506175755363,2.9144264397118387,-1.867675449183397
decay,324320.9508643283,197021.33950771418,976095.7711097895,452880.09247950994,1.0999929876815415,0.4256784644101946,2.659557893342513,2.505107716307381,1.4379290418790014,0.015329180491679513,1.390752512778126,0.5181855764665998,0.6802832294929241,0.7990414168175747,-0.28838026174303405,-0.4168882171696934,-3.158942411433291,-1.7883909439638515,-0.2006378515302999,-8.309245805235472,1.6472118542358132,-2.1521263433953193
