,Az,Ae,Kz,Ke,Cz,Ca,Ck,Ce,BAz,BAe,BKz,BKe,Gz,Ge,∂Az/∂t (finite diff.),∂Ae/∂t (finite diff.),∂Kz/∂t (finite diff.),∂Ke/∂t (finite diff.),RGz,RKz,RGe,RKe
incipient,268139.7451157855,404636.59604565374,1776797.8747430881,650202.3047817101,-6.0616454823865595,2.947487726245977,2.583016936460926,8.066361531428939,5.902691507863573,7.222774954974477,-15.425563370111297,4.326605709097942,-3.570229546999986,2.8197976819090576,-0.13989981979152857,10.455541130326424,6.02584863738111,11.666144446663255,-9.156749083795685,24.93004055341804,8.351639980534909,1.8561941425972994
intensification,279643.7145958542,798063.3534285768,1910677.9851451188,1122385.5205258403,-5.937466910016579,6.54843422933722,-0.8861331338525122,14.343147098033395,16.874429126671803,2.5356595890017033,-13.553940060896853,2.039224179260244,-4.044056417346193,3.27210690886466,0.34717544856872057,8.202483904437068,0.9248834150643692,12.514292108953583,-15.91628635878244,21.302423519830313,13.461537184131538,-4.7542123021925695
mature,291852.5761863673,961987.3792033354,1768728.9379904256,1565675.9487621866,-3.6107563200842687,8.894399730821846,-11.366106939445284,21.175654446615223,21.593741266549646,-7.841900760011793,-12.970106368654099,-6.362832994666933,-1.8903075491314727,3.749696869826831,0.265975383413834,-2.6845512369780424,-5.4245737066837645,8.515120813681074,-16.044122472398232,22.522395921499886,17.43860423882713,-17.6638075777125
decay,242036.83394807842,632575.7307618451,1148484.476294602,1412039.0654019886,0.40390540767580907,6.255684126010985,-13.783570150418669,18.591363612247257,14.589051371234927,-8.284820276943904,-6.605724599354184,-19.435801898877937,0.3368838658788702,7.076418942524015,-1.2771253101558373,-4.731304335140214,-10.202857947766054,-5.708581211961728,-9.206587147703969,9.782531394330993,15.889195428039963,-18.647713075749714
