,Az,Ae,Kz,Ke,Cz,Ca,Ck,Ce,BAz,BAe,BKz,BKe,Gz,Ge,∂Az/∂t (finite diff.),∂Ae/∂t (finite diff.),∂Kz/∂t (finite diff.),∂Ke/∂t (finite diff.),RGz,RKz,RGe,RKe
incipient,401477.10012247844,175313.0154247741,1367637.8539550724,385453.62441239867,3.918580420603768,0.8965445100514893,0.7357047201767966,4.649033359474151,1.384284501035079,0.9145968508289934,2.212767817960386,4.309393128964844,1.3729745694687896,0.8763791704117165,-3.412540073116765,-0.3656369795078718,-0.6365372306152076,4.384034404693108,0.018300356503413384,-7.503590189356158,2.4722550190857975,-3.8386873635690906
intensification,414286.0982221735,202498.5749300263,1533147.701464563,727632.5837255341,-0.8759671299239659,1.9077576714359026,0.9104246749573569,9.911676317660765,6.334616953757866,-0.6311172998407197,6.169350729395944,-2.886767656349369,-1.3359352258505635,5.404072816281085,0.728697152982815,0.0022065485049849176,2.0349015183833012,1.5760368949265682,-4.574129259263114,-4.168906756046033,8.637242494570568,-4.538447091427471
mature,546978.2464651112,217090.4690018257,1378194.2010110007,396958.1021766432,3.7096467176146564,0.37986612807703174,-1.9811896977686558,-0.34730884279329705,2.883723431028713,-0.6748078011727904,13.684894378539042,-7.712141181223611,1.911346164605822,0.10212217773352544,0.5092985631076827,0.883868657743526,-3.7394529050839913,-3.264895879885375,1.715087977770658,-19.152804303469033,0.8315014880459878,2.8133644463628786
decay,408699.5161403831,171394.2726871292,940505.2415286371,343906.23368539795,3.118754382569077,0.5133223718014244,-1.2211618761182694,2.8740578784411355,2.827839392161138,-0.1991523293680694,0.45802574593859435,-1.9298706802862906,1.3482527558254025,1.5889341230073026,-0.4009731629793291,-0.24060813902339157,-0.5207792167176647,0.06490402655536978,0.4032641992300341,-2.8763974691070664,2.319279696984389,-2.1004450477177445
