,Az,Ae,Kz,Ke,Cz,Ca,Ck,Ce,BAz,BAe,BKz,BKe,Gz,Ge,∂Az/∂t (finite diff.),∂Ae/∂t (finite diff.),∂Kz/∂t (finite diff.),∂Ke/∂t (finite diff.),RGz,RKz,RGe,RKe
incipient,1268573.1137137476,777151.8858326403,2230629.7380330455,902783.2203546558,7.870251130112348,3.272475482901406,-17.613552969684417,4.013305556235206,13.897187570811733,-6.771853099657268,-7.894135137349104,-19.869695939611113,-1.5392741463828206,-1.2960511546296516,-4.078358535006353,-3.3667566111774865,-5.121544764505886,0.9373817073768128,-6.832819492804331,12.515892212415286,4.145926561813582,-0.8197808789316942
intensification,956672.6876158034,352008.75006971776,2259757.667303865,664657.1096875058,3.5841732984511694,0.8637303332996982,-8.958298603339538,2.6321546953367445,7.415703586124877,-0.5144250596528055,-2.6635849862165317,-9.023466000863847,-1.5756793721618467,0.477554336589029,-0.03847333480155317,-0.6441310866756611,1.3433953275789923,-0.5446005655881516,-3.0062732891755615,9.381105618683893,1.6387183350141907,-3.111587863400587
mature,726127.2508792348,325641.50273476704,2162255.737409508,707258.4222443176,7.725806756587135,0.826443998291362,-13.49176433541525,0.19105094560279504,2.925591569096158,-2.7699703724813545,-12.565182892515853,-14.580603406257625,-0.19720534799498982,-0.3684353100026966,-6.2024372330763455,-1.6083070117593452,-8.317582686888702,-0.3162794916229821,-0.5757780472940072,10.013557784455267,0.5262703080334422,0.5815086336165983
decay,502980.85056092136,155827.35116116668,1670910.6018310238,556310.8509863369,0.8864061591432522,0.7305970291268626,-10.575626403886414,0.9027688538939806,3.856786053548665,-1.0461521845046011,-12.567845188416953,-8.326592316306467,0.002777257179669368,-0.46945344298471214,1.0451596824259977,-0.45509312186512474,-0.054185365667716257,-2.3831302776414156,-1.1946231828525524,22.202880067492398,0.7632308874065945,-5.534933219115342
