,Az,Ae,Kz,Ke,Cz,Ca,Ck,Ce,BAz,BAe,BKz,BKe,Gz,Ge,∂Az/∂t (finite diff.),∂Ae/∂t (finite diff.),∂Kz/∂t (finite diff.),∂Ke/∂t (finite diff.),RGz,RKz,RGe,RKe
incipient,553891.9863780446,481375.1934033601,3840719.94674969,927941.8227038437,6.145672827094353,6.160305335304184,-12.723943034022101,10.399443564719164,25.600772980728955,-3.048368593937892,-18.40596527829686,20.347447499690283,-2.069503165942643,1.6539813674139112,2.2673851371453067,3.3047968713448483,-17.34518071779464,26.681291624095927,-11.027409681185109,7.639054767429969,10.59230369469772,-16.78954247433562
intensification,425077.1879515193,264582.399661108,1948473.5416223458,740968.7196335905,4.169005407806626,1.4609399328916808,-10.201184991187633,4.526669536605661,6.060503985318616,-1.7205223771416003,11.14346491117671,-13.328427029549271,1.1920157538303222,0.45787016143571646,-1.1020352118047365,-1.5891690025484633,-10.10452322221768,-3.7181230084953985,-1.5325938564250448,-15.215808550013378,3.1970829783071175,-5.117550506739422
mature,316415.7769913814,117392.55607996162,1183663.312098578,317294.69497677434,-1.6858028390548903,0.4546241914288683,3.242033534876265,2.2043917225652043,-0.4054146366637985,1.255732307334332,5.8995283177155375,5.505254003289123,1.3699164191610242,0.47972504661202775,1.1034810083205249,0.10661117476954961,5.090168367557649,-0.30893195183477024,0.2777169973583013,-2.365590645979265,0.6006463985715536,-4.776544142812831
decay,384865.27987907827,122441.98655038828,1395888.1566750119,339406.8091379783,2.488951873832406,0.6642941036249589,1.57297431710119,2.1281076669507457,3.308370093281829,-0.014692966014792001,6.315974709435383,2.028557476118667,1.8285548126201887,1.154566064297624,1.1949255392889582,0.538027557916038,2.0049135794353306,1.0048825684122542,1.0398014234644946,-8.372987320933648,2.016534087256617,-1.578808257555968
