,Az,Ae,Kz,Ke,Cz,Ca,Ck,Ce,BAz,BAe,BKz,BKe,Gz,Ge,∂Az/∂t (finite diff.),∂Ae/∂t (finite diff.),∂Kz/∂t (finite diff.),∂Ke/∂t (finite diff.),RGz,RKz,RGe,RKe
incipient,626579.2474803781,390460.21679557866,2898478.4316318366,654114.7798183244,3.8953051901477984,0.3001630599403431,-3.5222311823514616,4.322343669298096,-7.911784732796292,14.297200035600413,-7.570159507804524,-13.27628557562793,2.330853521451634,1.310336497501238,-9.987450777924657,11.369386496297478,-7.316968587435323,6.936468087440199,2.1198022049597767,-0.11988308742713527,1.094367070054818,12.36817881141857
intensification,427167.94701138174,1126795.1707693466,3289244.8220712068,1164086.3593010562,-2.793108304858366,4.343801059011541,7.646886385888039,15.501842924827171,14.734942775733742,-0.16820487728067557,-14.402753148566694,12.901013279843307,-3.8285351704010626,5.20624110700852,2.839566788033237,0.761655051750974,11.701936566674133,3.279754335434636,-10.344683233547332,21.250911634211153,12.087901794847278,-17.476215483347804
mature,933102.8322201269,333878.29671788414,4594616.892204898,992408.3156435641,1.4495166001189648,3.9740553723183174,-0.818739116948408,1.2969795621987408,15.868644122719974,-15.915311381200755,-34.76792346518044,14.826559227918182,-4.759157592758075,-0.2460303467683757,0.2084467666450945,-7.526776026385197,7.2946436736894285,-1.3166101418972436,-10.236625383637596,41.43178965569932,5.711459544695981,-18.25888804896257
decay,822993.3293663079,239086.65110661884,3790928.418913883,648055.2508520675,-0.9147884578652583,1.3645492211434802,-2.0309584238363474,3.8778191419398946,3.7893265505296645,0.6900955887042154,1.0320620733504442,-7.259914251484222,-2.1841996497166254,-0.1340540902906457,-0.4678486004356474,0.004630102767447609,-3.0400167829886984,-2.486757348193626,-3.8074143876870896,-1.1263319746375369,1.8278044348596472,-1.1356206624856477
