,Az,Ae,Kz,Ke,Cz,Ca,Ck,Ce,BAz,BAe,BKz,BKe,Gz,Ge,∂Az/∂t (finite diff.),∂Ae/∂t (finite diff.),∂Kz/∂t (finite diff.),∂Ke/∂t (finite diff.),RGz,RKz,RGe,RKe
incipient,483811.8750925457,395672.7949761402,2636887.007674469,974791.5446928758,1.308724208983626,2.151115847056079,-18.84325945274423,11.701814671106078,7.251224797994952,-3.8182801220522964,-20.078831309797582,7.508976672590657,1.3722281029354502,4.860801038514019,-2.483970361135203,-4.553955918030457,-17.70470476533918,12.088932393927152,-6.27535510309045,19.908661788219007,8.81502302807184,-25.965118402513813
intensification,763260.9116620204,249620.78663506874,2900511.283103393,637289.1750856637,-4.73464101490364,1.0078768194685392,-2.822548826681431,5.1346216754979395,-1.1971501355550502,0.39018863000282356,-6.865358760332575,-1.0725588677095135,-1.1211862911682735,1.9732124281040413,1.7365443464908772,0.4114269947987851,4.103798031636631,-4.575763070814788,-0.7930697133891741,18.52634663355428,4.147983220825361,-11.46037470528465
mature,410288.7962336108,370439.33431143523,2514745.1278206888,444555.23396081134,-2.126892081441101,2.767894659575065,0.720591341111858,6.42588109558574,-1.2520840387614685,-0.7391000841635832,-4.120537763185872,3.516239294660176,-0.05693274512908327,-0.2507443902466142,-7.089616320579509,-1.2860133394590463,-11.459220655604993,-0.8537704112432923,-5.196529703684078,-5.9323821520898745,3.1110731807152106,-10.07529946037735
decay,136826.7760739033,148145.58703370023,1930184.2589266351,335602.97369190207,-2.9347885092872548,0.7886836580212375,4.866816637106208,3.4573385022114365,-0.29666925969676344,-0.18747941820318248,-2.8072589562451538,1.6026130785940682,-1.1162906202278657,0.8124075784894825,-0.3414434451787309,-0.8948678029155882,-0.6311935682706874,-0.4020712185323936,-2.1908790367479836,0.2440372601555138,1.9612664594777924,-0.5952061622316905
