,Az,Ae,Kz,Ke,Cz,Ca,Ck,Ce,BAz,BAe,BKz,BKe,Gz,Ge,∂Az/∂t (finite diff.),∂Ae/∂t (finite diff.),∂Kz/∂t (finite diff.),∂Ke/∂t (finite diff.),RGz,RKz,RGe,RKe
incipient,100023.6592795228,161242.03514385613,1321825.5151533925,422802.29833374504,-0.4286517604578732,1.3071843004247243,-3.1978767948023705,4.2559926669866694,2.962527424365201,1.419600639587094,3.4911850084058287,-1.3490221072764668,0.2535192966999269,-0.2581444453017976,-0.06700703311277856,0.3416758004200737,2.7684626685791667,2.7825428547602584,-2.1510019175111283,2.9038062154335824,1.8708835273949247,-3.322304499752315
intensification,100448.43700868501,415228.75580882723,1656938.6596279547,570979.4833016391,1.0881270962083642,1.6152443611741358,-4.358484928432232,4.671820622667071,4.42270275684307,4.429080965210509,6.95597855617418,5.1184615506496955,1.0304441178639343,0.9005572993099631,0.18775518277096245,4.791586171798007,6.917312378055443,4.456351257896963,-1.5315761166896074,3.231691654105131,3.419081468080432,-9.692415843852038
mature,105919.61813766927,713800.372316154,2304910.2241834817,1528775.1688055268,2.510868122730301,5.84368781389872,-22.827951133388034,8.984909815097009,16.261927672561306,-9.178520417103563,23.00209939537741,21.883816222455774,0.9573309826794518,-0.7338488821828165,-0.2228137205226127,-4.171245806195296,0.9783021902383893,17.82728400191137,-8.1301854564549,-1.7067141944812905,8.148496612106555,-35.86939316902944
decay,88559.41641911025,531529.5581099828,2178787.0701070293,1500620.0282354031,0.3728316947530279,5.7461040240002985,-11.90756395561778,19.72039988860162,13.346475095485339,-3.4065106515932104,7.219351291035006,-14.026046898419963,1.1052095800699862,8.145311284536847,-0.2184661298674227,-1.9728025779060279,6.558610692078999,-13.158796376880174,-7.446005506599434,10.873991661908745,15.408003938288504,-30.760713322679603
