,Az,Ae,Kz,Ke,Cz,Ca,Ck,Ce,BAz,BAe,BKz,BKe,Gz,Ge,∂Az/∂t (finite diff.),∂Ae/∂t (finite diff.),∂Kz/∂t (finite diff.),∂Ke/∂t (finite diff.),RGz,RKz,RGe,RKe
incipient,559657.9604506051,723520.5863894534,3240476.8947657086,807762.3071355596,-7.757327279987045,5.532369606187135,0.7303281110836559,30.430555150528463,12.899743651961748,8.768513061501197,-17.476324779397274,-4.593970523968645,-2.851199162377766,17.127688879429247,3.5583096091703394,8.498319433287007,-8.019106298346358,1.0570594947146608,-11.566391716591319,16.484217649954303,24.627991916127137,-24.049197020761508
intensification,1259604.7775937761,508208.41779803974,3123663.9844777007,486136.1849014023,-1.2266601174623308,4.559879184940675,-3.053729344458226,15.334848257479644,18.75963675576569,-9.162647314257445,-6.6850205445251,-8.02121133732594,-1.4472875893383532,7.0988973279948375,15.101168360626883,-7.0369796672064435,-2.855851414155248,-7.295099371380509,-0.3252493276604631,8.10955859229041,12.90063671958997,-17.66246563599244
mature,1975703.5440907264,151416.4854617813,2944064.094248719,184447.3722710208,2.185542552527476,1.6366945862846223,-6.054262601320347,0.5534812218776568,1.6738603384111526,-3.7515669073490208,-5.834067549262314,-4.205626226660107,0.1281196170190455,-1.3833754743631375,0.11097905170441595,-1.6932666990284149,-0.9739933202685904,0.21798505292191953,2.2593558521053616,8.728794277786594,0.9750868439136404,-2.1841325436159775
decay,1556080.7277749649,114555.42706779124,2718183.728762376,202830.33478690276,5.704515825551243,0.8289188324130241,-7.222914924234605,0.24695399565141496,-3.480820544401645,-2.1042699775555955,-28.954408315748726,-6.143620061862319,0.7607137328836262,-0.08670435483103263,-7.540147646808261,-0.482347500710859,-6.414878307857737,-0.5435672032389666,2.4741075555576497,24.05792910657435,1.0399576400831274,-1.869816061262668
