,Az,Ae,Kz,Ke,Cz,Ca,Ck,Ce,BAz,BAe,BKz,BKe,Gz,Ge,∂Az/∂t (finite diff.),∂Ae/∂t (finite diff.),∂Kz/∂t (finite diff.),∂Ke/∂t (finite diff.),RGz,RKz,RGe,RKe
incipient,1651914.2892277746,207021.12153057277,2293296.9542381912,388154.37578711315,-2.3833197572334974,0.46515688607032174,-4.033296063809163,2.1611138446917093,6.136592476726082,-0.5283356566031964,16.19774227065127,-0.48606414150345384,-7.378074651606988,0.9668891051197175,-2.306830924131446,-0.19509910190442392,12.097997518383542,2.3231895471786568,-10.361586272020704,2.3168710687749345,2.0291935133201604,-3.3851562198187626
intensification,1396921.5411891565,198741.18575985354,2395771.0826211507,674559.8045248333,8.373831115152157,1.4280036898548087,-13.57131411594304,3.7978527757068816,6.747003191686974,-0.8873795760138439,-2.5651906260729875,-8.228694498363607,0.3362238112018979,1.2894315642341028,-5.1237783102047105,-0.12076446970738253,-5.301054486367679,2.3985677057949526,-2.0689466968847188,2.4616191404961896,3.1364641921585346,-6.741904687491361
mature,1060658.5754971504,164717.36435656756,1747137.7805829544,585030.1753260685,7.34577585889844,1.9392524948239989,-9.112993327261218,5.260953627366859,9.934318705557887,-1.5205879897614638,0.18231497404255312,-14.300658575069638,2.45563781394518,1.3007505687842658,-0.6308148590541173,-1.0449043195485732,-4.246508289319957,-4.421185198419848,-1.2801052108895639,-2.6616057949997316,3.7973848027557495,-4.494473577978283
decay,920617.1714130772,280929.0499325507,1364770.2517457644,566509.7765868107,1.0695595492760195,0.20814528431438464,-3.1404816887364264,-0.05032068633606201,-2.0915548913506887,1.3233271008784884,3.1482835131564832,0.15247178895498933,1.0296778474057828,-0.38196934125372095,-2.406838134515735,1.192757354608456,-4.041349296038626,0.15061054474971566,0.9624215904253578,-5.118710669734703,-0.3890357169204793,-3.0920222466056386
