,Az,Ae,Kz,Ke,Cz,Ca,Ck,Ce,BAz,BAe,BKz,BKe,Gz,Ge,∂Az/∂t (finite diff.),∂Ae/∂t (finite diff.),∂Kz/∂t (finite diff.),∂Ke/∂t (finite diff.),RGz,RKz,RGe,RKe
incipient,853568.4380318982,482868.63272933936,1807070.0301843043,1032346.5395975489,2.4732179903648768,5.897992390212667,-4.9159819070405435,18.59822490946379,22.492102573008196,-4.729302127798047,-65.98916325900876,14.821569732599196,0.14151658250580004,5.48136699658373,1.4685686039659795,0.7031431783354402,-13.777261386429965,19.133870929599315,-12.652323588464675,54.654665789254466,18.132677825384615,-19.201905619504213
intensification,802389.1796167046,377910.2090251002,971433.7832455256,1326049.1529770673,6.796727000221325,3.8197622664003665,-20.665624183057734,12.93965832782953,13.968052111670813,-3.368858427539677,-5.344316682244522,-25.212816415684852,0.7854120573474614,4.8316647330436915,-1.2890482841561612,-0.9624232014372944,-3.5034112581893506,-4.833581760381339,-4.640611129205283,15.709802606891584,11.52633128753155,-13.226047855583756
mature,565330.9120266106,297677.9441776997,866092.662800596,534646.8982713997,5.915400566234472,1.322431681057854,-3.609361157463977,2.7326792079348476,2.3055767685830704,-1.8313545580451505,2.1408586579417923,-9.921674850910621,3.1451796901257567,-0.3037018042715532,-3.3903020290666954,-1.4816693578047244,-2.3300641329531038,-1.621191698437998,1.5419534496425602,-6.776962199665391,1.7599327271174197,1.9584427870737968
decay,263481.129184069,170364.4876016424,912725.2427220169,253504.03380259947,-0.004810065835441103,0.21539724602181964,-1.339807089077677,0.34435133740801666,-0.3194682828294883,-0.225425232407429,3.5053610507970943,-1.2124060067953655,0.883986592421392,0.0009597171840920258,-0.17266421986233968,-0.11017782007461727,1.1401273271333359,-0.9438039606847806,0.35739124315352716,-1.0206165687506403,0.24420150371900876,-1.4155563803751088
