,Az,Ae,Kz,Ke,Cz,Ca,Ck,Ce,BAz,BAe,BKz,BKe,Gz,Ge,∂Az/∂t (finite diff.),∂Ae/∂t (finite diff.),∂Kz/∂t (finite diff.),∂Ke/∂t (finite diff.),RGz,RKz,RGe,RKe
incipient,3830.2690808804737,751705.6987264851,699534.3973569855,528164.7434465971,-0.1061403699675978,2.514181205426921,9.711663153653408,10.82291647546259,6.573190959043642,4.694195957927326,-7.519496469333806,18.017204992306333,0.0424674698750427,-2.443957966769934,-0.0193240343212107,-3.011250753716789,-0.8248265963467916,3.0845027641134117,-4.184474157905529,-2.9108529106987966,0.6032885583915535,-16.043955550002103
intensification,3003.409903487892,532564.065206137,894723.9602853155,763450.2733128705,-0.0994718747973574,1.6361986000875703,23.80178304955161,14.374174788846798,4.306224209587689,2.1809743622679694,-8.142575926415049,33.54711042222892,-0.015868419338762818,0.8548375385068127,-0.00819399451176002,-7.594761373412247,10.798174084192876,9.645380492301955,-2.7776914788092357,-4.761561164146327,2.9622404530790125,-14.474121669222152
mature,4176.834859281658,252474.10586681048,1487203.6718432023,1044914.2481715928,0.0921181902060524,0.44845331431545354,48.017813493317504,10.29426702959731,1.2792290209099941,4.047916410135489,-36.060455246089774,21.483647310380054,0.09724799152866534,2.636083805867587,0.12274489616769164,-3.8552830396116655,23.464951079080464,-5.741802012295847,-0.6159126202207964,11.415474641646673,1.9426142655347025,10.498097141044301
decay,12668.913275970599,238121.28338798674,2377704.6761177653,642556.393567996,0.3440603218852381,2.1241621695295962,12.055147707583275,7.409571575141971,6.086254019001886,0.7060231216338183,-50.51558967658858,-0.7019702596311492,0.0993760373961691,1.0725486165038718,0.12558557009425114,-0.6511231448999619,4.26074843241161,-3.8215814547186193,-3.4924459574927997,42.37713007953169,3.9282631390785943,1.5259649373538349
