,Az,Ae,Kz,Ke,Cz,Ca,Ck,Ce,BAz,BAe,BKz,BKe,Gz,Ge,∂Az/∂t (finite diff.),∂Ae/∂t (finite diff.),∂Kz/∂t (finite diff.),∂Ke/∂t (finite diff.),RGz,RKz,RGe,RKe
incipient,44070.083560837666,92234.06325787779,1467298.8082977077,290813.1795892184,-0.926062036393889,0.32331862638281206,2.9415565761868474,2.36499787654271,1.3261102180577637,1.3741004380718898,-14.319005350068135,6.427641514873564,-0.6562493636329803,0.8018398281890943,0.7296481048915633,0.8890134918221718,11.549850584835061,7.327027825639145,-1.1992055231772774,23.85336139511024,1.5565923039101803,1.4759450104097185
intensification,66215.90452800793,188603.43322443502,1762819.0965409297,676900.5595380496,0.4416871827186766,1.156592853525513,-1.8608628064082615,3.38681511692162,3.6250020928634052,1.1613894361029615,2.648333982348227,-1.8824553211321988,-0.42425584313263254,-0.15050624854762956,-0.31484057652934716,0.7322854061985226,-2.798024573451945,-2.70756381016975,-2.3415626331485626,-4.027182932110587,1.801118233491667,-6.072786412367433
mature,24116.450569875873,150135.89791874378,1308168.4991570935,169247.19246011472,0.07481044135390645,0.34515584627907503,-1.290243666509956,2.5320382174037865,0.7736826110362454,-1.192946080126069,4.354035178995961,-0.2626399331551956,0.020065337871733452,-0.4231039791621085,-0.20426180080387593,-3.944291190289742,-7.52444408003901,-3.0095822264615713,-0.5579781242071398,-10.66304603387892,-0.5644627390389618,-6.569224177220118
decay,30917.653454844276,94176.09883263859,1256834.343071827,133830.64419392025,-0.09246217689803073,0.24483127506071747,0.4717767693245331,0.8211968442803177,0.962182904495189,-0.08928950416493686,-2.6784022548857833,0.11225287859554552,0.1687468204690202,-0.06456828193911891,0.5093291785648145,-0.45155838084037175,4.459631675583037,-0.4183573626039756,-0.3004846277676877,6.758719338042319,0.21409669254416527,-0.880030316155306
