,Az,Ae,Kz,Ke,Cz,Ca,Ck,Ce,BAz,BAe,BKz,BKe,Gz,Ge,∂Az/∂t (finite diff.),∂Ae/∂t (finite diff.),∂Kz/∂t (finite diff.),∂Ke/∂t (finite diff.),RGz,RKz,RGe,RKe
incipient,134535.29311383175,84978.39196142083,1487864.7932615895,187906.79703199258,-0.2679357848980795,-0.14414670890580275,-0.9208237003935409,0.5890522997674504,-0.9338033038329988,0.061822637017634706,2.2220612117588456,1.111764305065632,1.2964985628845607,0.9199872465981853,1.0127585442506088,0.056098039132021625,10.310825632696215,2.0704093713171474,1.5344793542797255,9.27752390622899,0.7274744107876402,-0.551230933909476
intensification,268292.77632435417,315773.698399529,2529661.995533337,767378.0540323908,0.09291499348270502,4.749816352953896,-1.3721487818744393,9.221450301945426,14.815078201521754,-1.233286595187681,-4.2817676047583015,13.566543732035075,-0.25889099845304053,1.262312949113859,1.1802110415474967,3.4909127088192027,6.818724096885839,9.39721337707563,-8.792135813537653,12.379725490035874,9.195833252998414,-14.762929438779311
mature,312057.0165684557,471099.4678492187,2476448.8760989946,1391144.652079587,4.3921832937326135,6.97357486043668,-0.8858974107201975,17.15243932495343,21.91281612422624,-8.25049304598005,3.214398108408736,-5.677087752322749,2.400294772080103,5.35258670303357,1.4776213651958987,-1.7202045179404475,-1.024934119481858,1.2580171118376928,-9.069436604861048,-7.745618110903009,16.709152992556348,-11.103231871513183
decay,231291.23534864586,477277.68329308194,2196312.61666374,1180572.2426678261,1.9013534421413003,1.3237583452378592,-6.159899771716363,11.029882392995704,0.773783195602979,6.788971596176454,15.294642011023228,-28.54384023609752,2.108100679642653,2.7917093733512828,-2.9782666616705815,0.6215200324419848,-6.563558699152217,-8.261863009230884,-0.5269380698944008,-17.59965438060038,3.538672484023377,3.0921950621545693
