,Az,Ae,Kz,Ke,Cz,Ca,Ck,Ce,BAz,BAe,BKz,BKe,Gz,Ge,∂Az/∂t (finite diff.),∂Ae/∂t (finite diff.),∂Kz/∂t (finite diff.),∂Ke/∂t (finite diff.),RGz,RKz,RGe,RKe
incipient,270571.8864067973,390289.6963919819,1040077.522804798,1160894.0203535217,-2.5159580669121384,2.484755823551505,-1.6411456396126571,8.074107473278847,2.280553927670728,0.2825596626714064,5.894384858747264,12.103756095006696,-2.915785841590586,2.1289812205936003,-3.561491645711554,-0.8649115996498908,-3.078396780359385,11.288951308574855,-5.873247816742916,-4.8156779325818535,4.441880387406044,-10.530057899323342
intensification,232515.80046213514,403463.8429751434,1285912.1315710454,1209301.723818942,-0.5317565059851644,1.422859410492073,9.040150923187083,6.996351521534527,5.609163239909907,4.192971561579741,-7.742525394901481,6.171988982531452,-0.6202287231877794,-0.2594211178646799,2.060023153942566,0.018194685094464293,9.388200227689877,-4.79631027953402,-2.658037181460432,8.62233120538944,1.3987152345571778,-8.924499860412917
mature,781210.240214879,265356.8792904892,2753630.352523845,608150.7205351285,5.424541133345674,1.8078312041642424,8.545135066698604,6.156143992815275,16.41882373994807,-3.1091728702734205,-8.233078564580266,5.9824434172807,2.551955556013829,1.5475996158103185,8.319467103832539,-3.580828599512787,18.007927157525852,-0.05851875021288836,-0.8669842986056135,12.271329522061839,3.876657059411665,-3.651971093610262
decay,1207234.1431655004,301841.87870229967,2973062.010548699,903588.524634434,14.038906640200482,2.1966816937123346,-9.163788507022643,5.399903510738635,15.510564543583474,0.3500403692933342,-41.62164305676618,-7.849848700831164,2.737054327858129,0.9704528349231392,1.0476977940769008,1.0288438417740373,-4.900407984720787,1.919260934007437,1.7727215844062438,31.84611693886755,3.8820252895070047,-4.794582382922679
