,Az,Ae,Kz,Ke,Cz,Ca,Ck,Ce,BAz,BAe,BKz,BKe,Gz,Ge,∂Az/∂t (finite diff.),∂Ae/∂t (finite diff.),∂Kz/∂t (finite diff.),∂Ke/∂t (finite diff.),RGz,RKz,RGe,RKe
incipient,256334.01763910777,118725.05205950618,1195998.7937907819,494420.4536283715,1.336763962585904,0.31381049610533174,-1.346124182936352,-0.089134558042891,0.44058552167752224,1.3087656702326356,-7.818566316794662,1.8004880502436427,-1.395359389315249,-0.596771519629705,-2.7454445098502966,2.129848568018563,-7.561061499306566,4.301911039915019,-1.5354555728365826,0.2668650378385413,0.4181378436377043,1.2444333647779153
intensification,192680.31079249634,251524.41232297837,1285483.302623847,856140.8500052211,0.008615956482956766,1.1828310921639695,1.4480265223600302,4.106396936816176,4.783820261072704,0.4760892544529286,6.497964761072352,1.0039803830656004,-0.46192352925436353,0.544294994436711,0.7736848679808492,-0.046194003804358785,4.766293192499958,-0.32155842901024667,-2.8186883444449293,-3.188314047415382,2.4012825863949194,-3.983909226531993
mature,349498.6972363923,149996.79375392047,1553555.2819911672,408108.09613584145,2.167863534467494,1.1716750773416207,-1.3082780269912726,3.179068372177637,6.250725845564161,-1.25029522764764,7.724216625711736,-2.4854979016120184,-0.4184851366794783,1.0791899502647917,-0.12391278793377175,-0.28452849504881794,-5.025922230492055,-2.089777347837312,-3.035100021688819,-13.60972436368001,2.9731600274348393,-4.091625845394203
decay,426246.40781038196,341877.1807388509,1715859.9746899202,630284.1609529849,3.0113063536084606,2.698716709867931,1.8284657373823352,9.85158646863991,8.170639107597848,-2.028965648565947,-16.498382808389827,-1.094843589129073,1.5333424262072755,5.092645242708098,-0.23104360245989938,0.040468643492794096,-1.1257947463659574,0.9023918827748049,-2.691659646581355,10.532815971033072,9.22230405083072,-6.025885259353695
