,Az,Ae,Kz,Ke,Cz,Ca,Ck,Ce,BAz,BAe,BKz,BKe,Gz,Ge,∂Az/∂t (finite diff.),∂Ae/∂t (finite diff.),∂Kz/∂t (finite diff.),∂Ke/∂t (finite diff.),RGz,RKz,RGe,RKe
incipient,1731001.427806199,206206.21009299564,1527739.9243993536,634265.5549612418,11.538456267880377,1.7088254663707891,-14.778784030865733,-0.45023897756401826,7.059860642513362,-3.56948007034182,-12.763426195932228,-1.1199781337488082,-2.308854060744337,-0.15123053706592604,-13.694334843984315,-0.45642539201119353,-7.8952245219422545,7.102064876425836,-7.506913752246512,8.10852943697533,0.9539902343958189,-6.106502043127069
intensification,986425.2426534678,207866.7944973713,1325425.8445859207,629230.2805915012,1.8911249697129622,0.08385737028590129,-9.953347908865634,1.434965349870247,-2.334442313103047,0.9069965751311139,11.729011482529707,-14.00759535502413,0.7383430106382973,0.3054933871149539,-3.111582832373325,-0.41201678408279097,0.33666250146124077,-3.9338723119362577,1.1978418207285861,-3.3301260419157934,0.032094620370440696,-1.314590215648011
mature,801106.9448114247,165106.17461497098,1355802.5992412074,162565.22034154384,3.026566632130855,0.7090438089920932,-0.8141618432393114,1.6969277682740298,-0.7960762021949501,0.32709701683262593,1.6230776055267622,0.005203380998168108,2.2447895273249645,0.5854695856161154,-1.9910575194026237,1.1773899211003807,-2.984207759175746,1.1675547277696068,2.5406291239152745,-6.819690153594052,1.8381768635496911,-1.3487382647419024
decay,628011.078668088,163675.2408806562,1269175.712289604,199346.38536318147,-3.608620875102058,0.9150690219276817,0.3600162761810488,2.2826887390082917,-4.245060899330283,-0.16741000274443057,-4.7795915674044815,1.5561771558861037,0.16148939748914987,0.32493627307125106,-1.7013186413330081,-0.36821078664907514,1.6781856191296223,0.19581051367231736,-0.14980959517710213,9.706381785455115,1.1668189331759657,-3.2830391050410292
