,Az,Ae,Kz,Ke,Cz,Ca,Ck,Ce,BAz,BAe,BKz,BKe,Gz,Ge,∂Az/∂t (finite diff.),∂Ae/∂t (finite diff.),∂Kz/∂t (finite diff.),∂Ke/∂t (finite diff.),RGz,RKz,RGe,RKe
incipient,864.0933673705482,142378.48837234886,1921550.1369242866,203753.3174573097,0.004063166630422033,-0.07576831555268203,-2.459640087744844,0.8710288725455065,-0.2110170180378476,3.5657112721645734,0.09708118509897308,-5.630834885282213,-0.0036187984138397,-0.6070877075532396,-0.005252880066630133,1.8608133237033888,-4.876029590500923,-0.19519311879959803,0.13405898904895744,-2.517533854485475,-0.7581007603629953,2.1049728061922646
intensification,1201.4064872040476,196871.500377755,3005242.1603290406,590687.1393298354,0.0031868270542761436,2.579220918113398,-0.35062638751910813,5.893451014919261,6.9971350642667645,-0.14443933224925956,22.54743689544855,-1.0568667455660838,-0.003806284171467345,-0.0013489265560035551,0.014830243113662135,1.2161560418568316,26.051216066040716,6.45347418926615,-4.399897075985428,3.8512187310569965,4.674825470911955,1.2662635323938645
mature,1751.3819868354774,460489.0377369837,3895888.9685880905,942993.7448410563,0.00409847394271395,1.4947021456072966,-14.412697837387723,5.045535161468415,4.0197181460664035,9.743400738324421,5.018010324659355,-25.891547774048306,-0.023590326659951075,-1.1633245605320597,-0.0304761188488437,8.737255952783721,-30.366980773116445,-1.3741586541777566,-2.551393645365236,-20.97639173433079,2.5446882303204195,5.059156121014409
decay,2095.460406286746,257923.82810765723,4706695.129800949,400420.7089326283,0.0010344330257520747,2.791959340367678,-0.6489638707571559,7.23732691992611,7.555131605277383,-2.455841008100365,-7.0832545537707885,-1.192530639659291,-0.012108714549112585,0.5761542602707366,0.009156482038559845,-2.4842777905542084,10.859130430803596,-2.149906084621842,-4.752981349845394,18.590314422305788,4.416930797104589,-8.843666235645818
