,Az,Ae,Kz,Ke,Cz,Ca,Ck,Ce,BAz,BAe,BKz,BKe,Gz,Ge,∂Az/∂t (finite diff.),∂Ae/∂t (finite diff.),∂Kz/∂t (finite diff.),∂Ke/∂t (finite diff.),RGz,RKz,RGe,RKe
incipient,585074.2607514139,183150.44644727546,1745588.3852436894,447050.587076652,-3.103853562977804,1.8400893781376273,-5.151089919351464,8.296760544280568,0.6158814359677452,-0.24176103007011213,12.78466132915517,5.957862474642855,-7.225936525873349,4.987816744106491,-6.4902152792597505,0.19304278537873096,-2.0778462193322023,9.472434732794843,-8.369860900067673,-6.6075640661581065,6.891474981591784,-9.933278205480043
intensification,448850.7319306423,150590.1958323521,1738312.192161654,693899.1085433565,-8.698475258318357,1.841370156303038,-1.3903781778143383,9.220689010500111,-1.910297995418815,0.24808062426251204,13.57399456869993,3.05664934912996,-6.404513648826645,4.30137703382791,-2.5206515473122697,-0.810562101002881,3.295572364826937,4.2046656442321275,-7.467458653908774,-0.18956876774030285,6.320676128931679,-9.46305089321228
mature,350337.9807428727,145739.9013759967,1983926.6400655876,832054.5174630587,-5.519666515809393,1.0902935835522674,4.883848074841923,4.5766489882588015,-1.9401103595292,3.261504515573134,10.825921878732881,-0.4263013123222976,-4.929596363032092,0.038499811300982664,-3.724234263284514,0.9836230580658034,8.462291587254095,3.660775657857914,-6.21349683601244,-1.727811850511317,1.2084739471992039,4.394276056763333
decay,227893.3393911496,238729.30537457915,2180434.3235907652,899180.69732189,-3.0129015441876765,1.2608670745962156,7.447351051191295,3.236168000291607,1.7062662777230466,7.295217527589573,-10.353114751100108,0.974123751923696,-3.0562650955445325,-2.1092927192064366,-0.712823690366239,4.993341638337165,5.098272931448764,0.34422915484717553,-4.1711244376807475,11.016938175545256,-0.3265749635570158,3.581288453823168
