,Az,Ae,Kz,Ke,Cz,Ca,Ck,Ce,BAz,BAe,BKz,BKe,Gz,Ge,∂Az/∂t (finite diff.),∂Ae/∂t (finite diff.),∂Kz/∂t (finite diff.),∂Ke/∂t (finite diff.),RGz,RKz,RGe,RKe
incipient,414224.795319321,176479.52363906932,1886724.916380439,261972.33926173317,-0.12228038743820546,0.9066817406362,2.0582169722236126,2.43795497921622,5.326590743282961,1.4765940731055007,3.373306174702131,1.5595892216078113,0.69894786110967,1.8103732405974526,3.890238822350766,3.1240205670527104,6.203861955121235,3.611274078378353,-0.651950567734201,0.8946191956336975,3.178699732527229,1.671946849777934
intensification,657188.9599568248,486764.9558153298,2290078.896855059,1415733.7321956558,-2.6643088720485357,3.2005936455658,-11.656255233351269,10.646720055551034,8.225048777109741,-0.7944840348499179,12.932681424670278,-13.19955600036777,-2.3127894392917927,4.582523044197222,0.6434605465186826,1.2102715679695446,1.3161176986716587,4.503623318525456,-7.045303457073791,2.7040003794011866,9.450882012804696,-4.599795970009079
mature,539685.5925900666,338508.45585158933,2155640.9800143577,555404.2106103741,1.8944630919004268,-1.199172674712988,-6.687326418960223,-0.7433697908521095,-4.372219780934794,0.5653890426855809,6.437563427243195,-16.55990324844218,-1.1285445822607072,-0.49736283367782796,-3.437848642715315,-3.52854369199246,-8.009826666486513,-9.834801863739113,1.6296615554069176,-9.654526766669912,-3.6381298508171622,0.7811447565949566
decay,259245.57029485956,195367.73943112954,1171158.748715032,341557.67910774663,0.19672074802946016,0.07433038877494419,-1.0288319949464382,0.6244178464575477,0.10337660046227058,-0.05364455186674881,3.889636313374767,-1.7754960016470351,0.6849527972640755,0.053809408352597426,-0.0679487597754734,-0.39758908150161565,-0.6012425148622821,-0.4018437024915566,0.09972577656666028,-3.658767581320071,0.20614292804773665,-0.27959754224850747
