,Az,Ae,Kz,Ke,Cz,Ca,Ck,Ce,BAz,BAe,BKz,BKe,Gz,Ge,∂Az/∂t (finite diff.),∂Ae/∂t (finite diff.),∂Kz/∂t (finite diff.),∂Ke/∂t (finite diff.),RGz,RKz,RGe,RKe
incipient,700968.9005817812,149010.08871665306,1961728.0519567064,291369.66889645584,-0.9196316894020762,0.46225460286025727,-0.46333676373566596,3.8355596463405255,1.6876281131501312,1.0022477435765846,-8.978485817443664,2.9790400329923745,1.2040671604952942,2.968967738369066,2.2504603960160323,1.2706797152435925,-0.8215977725698859,5.446218280959602,0.1054551963240824,9.539856498011519,3.641737015147276,-1.8317181621089638
intensification,599425.0540072158,476245.81966954295,1866026.499050071,893426.6970465074,-4.605790083435248,3.348479982250759,-0.42068681734835806,14.14707005892337,6.654885958050664,2.3547853654976896,-15.933827556990106,0.6479878604529576,-2.347711239055635,6.092511913244612,-0.6542673168087708,3.4593210776558583,0.38570195531161183,7.176457480711334,-8.566463376043922,21.346006413085334,11.903125788830781,-8.039287256013354
mature,722463.027852011,486377.4761292334,1907026.2771848685,1230543.1017625479,6.720623569426462,4.692154258476528,-17.120677790489143,13.244300910694022,19.88736945981815,-11.520847091479373,-9.482151161683236,-30.088779432125904,0.8062779831560052,5.953696556904659,1.0239092950642856,-5.1104555017040125,-4.052728667501518,-9.354012813580612,-7.450682336850871,15.829476715244398,14.962538241992855,-9.63021208263787
decay,434810.05926976044,313212.6539957661,1139010.4173931605,600589.4612266022,2.847071528003216,1.1827498565921848,-7.083921213611736,2.4056185290567784,1.9338488179903655,-2.007047086830201,5.203844900702043,-10.293529180616627,1.7361379361359328,1.346324227987104,-2.1471344017175413,-0.2530569477515493,-3.6820126413258656,-1.6735623055817952,-0.05116183511250637,-4.649007856419387,2.9768588115432455,-0.8695728676336816
