,Az,Ae,Kz,Ke,Cz,Ca,Ck,Ce,BAz,BAe,BKz,BKe,Gz,Ge,∂Az/∂t (finite diff.),∂Ae/∂t (finite diff.),∂Kz/∂t (finite diff.),∂Ke/∂t (finite diff.),RGz,RKz,RGe,RKe
incipient,712133.6654826609,130027.1694509734,1674239.607553383,307542.65521327505,-4.905198572428207,0.1669609893989513,1.7516243931588933,1.4185778515843737,1.721777643103546,0.32956250519763247,-3.111029864152733,0.33697429056275485,-1.595747624415533,0.8096531527478666,4.644782615942674,0.19551096292968953,-0.49950290515958334,-1.2600593123778712,-1.8152326101901277,5.765101138262463,1.1175653199174795,-1.2639870613661064
intensification,579603.8806602863,165705.49160114586,1169552.3972387237,628140.0635560754,6.20236295635132,0.06093076808966034,-8.298350233154661,1.3197837669875412,1.3633125258884966,1.1066369492463952,2.6232213988619635,-2.9785685463492833,2.2250920706041244,0.2424327752814188,-2.6464340246203593,0.3891651583533583,-3.6869022342457343,2.4972398022858995,2.2535471739321227,-4.214136356304356,0.541381208004844,-4.142325651507018
mature,421832.54339719174,148535.9712031875,1210146.5193040457,656309.7304808891,2.6471270906514413,0.46521030492077264,-4.980632981736383,1.8542412426098536,3.177858582665052,0.03286526218487254,2.329438568227953,-5.071763214017089,2.082884204938689,0.23168558225418295,2.0543685119712394,-0.32609246885402854,5.109596963376238,-3.188587797542552,1.9888473248784009,5.113664286233226,1.0300732066501799,-4.951698807871699
decay,1037704.7492897457,192326.67120381768,1593179.5940045842,375054.81146043865,7.606347278177226,0.08239197451953399,-4.085200553006927,0.2540556875407035,10.079932416335767,0.556541803661884,-6.56553752244382,-4.153648735226533,1.2245211923544628,0.03796386592122669,3.128493409923686,0.22009027266730602,1.0650253841342359,-1.477440988885822,0.7373002462846822,4.109416181407754,-0.16478781797340852,-1.663048494206919
