,Az,Ae,Kz,Ke,Cz,Ca,Ck,Ce,BAz,BAe,BKz,BKe,Gz,Ge,∂Az/∂t (finite diff.),∂Ae/∂t (finite diff.),∂Kz/∂t (finite diff.),∂Ke/∂t (finite diff.),RGz,RKz,RGe,RKe
incipient,526106.321947391,665761.0298584845,2627896.741607501,934570.3735034924,-1.9795031563904737,2.877704145737944,1.3316245083068423,7.672478411751975,8.982957633336458,2.220633221315022,-21.352791642203265,9.544007693678541,-2.600873951223155,1.734089481956302,-1.4623493365599165,4.9664058769344654,-1.0606033534437838,11.569995462534456,-9.547105980548904,20.940066936843113,7.5405469216334735,-4.3148661345892165
intensification,637941.3976379972,423781.16314247664,2593199.4746967806,884661.5936070933,0.319089225432934,3.8929088796745934,-6.575867798714527,12.410542348323178,15.260985843736991,-8.829735540136408,-18.27990530558803,-11.854051546562948,-2.395907224674205,4.066628847688756,1.4949930201566437,-5.754217596022615,3.9372064783842786,-7.629974138894278,-9.55399471847282,28.4738903572539,11.593151412762376,-14.762332739369032
mature,713174.506190824,250139.82164588207,3302168.2129942523,541535.8885246031,0.11323353924110915,1.6898681740027972,-0.2642951697813131,0.5448347230617251,2.692948739544646,6.336387636887947,-2.188060029957387,-0.24877953298524944,3.647270037842083,-1.4253669185439075,1.4587933726380258,7.653085602750346,12.76273520212724,6.595653258039453,0.5689463463372861,15.101856862624832,0.17166451492132778,6.0353028981816665
decay,613837.7279577765,779128.9090028076,2607366.3445572103,1520002.3047441645,0.4586985651258549,9.425230138490328,-50.95606668402089,12.855575692408108,23.650630046474575,-12.931145718197234,-12.670030238324463,-39.875400175873054,-0.8820931580770037,1.3379612015440867,-2.3929806026121603,-0.6771584934056302,-14.261695884696277,2.8034036320278632,-16.15968194547055,48.90570247252323,15.684332778709383,-21.132838568528086
