,Az,Ae,Kz,Ke,Cz,Ca,Ck,Ce,BAz,BAe,BKz,BKe,Gz,Ge,∂Az/∂t (finite diff.),∂Ae/∂t (finite diff.),∂Kz/∂t (finite diff.),∂Ke/∂t (finite diff.),RGz,RKz,RGe,RKe
incipient,1608703.2248401786,169825.25758197086,4502211.065795566,485601.2436385866,10.273673345703171,1.67286688738182,2.808172175502476,4.95826400796974,10.720146936952329,1.7888403064675011,-13.978970919083375,-2.047707535960853,6.022466580925049,1.9817646445015433,0.4403415374374814,2.347564298915974,2.5394419518724707,2.1839493495245907,1.6667348335701426,3.4365673497501974,3.8441211130363926,2.08156505301818
intensification,1747570.5176807875,265738.77454115584,4226146.236032496,517914.04443301115,13.994644394326466,1.2191549447241,-9.141541810790944,2.9110459888120586,15.396742365751514,-1.6956371039636386,-36.497133633359404,-11.469021367162735,0.7659474594065928,1.8307376146352725,0.283639345767537,0.34161017081869977,-6.969632446843123,0.09512528292242155,0.10069631906658873,24.67439860298076,3.7291383188702976,-0.48844114951784784
mature,1388794.3789391771,280145.41429018625,3085489.4477768117,578175.0429989025,13.281913499988583,1.0252403398325096,-12.105846441772584,0.307078913257232,7.58726943810765,-2.268258452515699,-48.9585908053641,-12.309477013603725,-0.07892834680883798,1.6719647419481984,-9.297947814760004,-0.1740369605154693,-18.685699583510925,0.9672275499666445,-2.5780634130465616,29.09682416363718,1.3760600654249522,0.8637792085405538
decay,1080712.9071576316,261997.88146854594,2092984.3841760193,502181.05117178324,8.698915046178701,1.4404526636252843,-12.045211543987282,3.542640057853755,5.748372264692021,-2.657095839394429,-17.498395477187476,-11.587790119183428,3.6414431919650814,2.3758479009567997,-2.9258187801529334,-0.3305954167575045,-7.388166684503063,-0.9455664896256766,1.4651766649590305,13.456525290492998,4.428687816865396,-4.945627972283289
