,Az,Ae,Kz,Ke,Cz,Ca,Ck,Ce,BAz,BAe,BKz,BKe,Gz,Ge,∂Az/∂t (finite diff.),∂Ae/∂t (finite diff.),∂Kz/∂t (finite diff.),∂Ke/∂t (finite diff.),RGz,RKz,RGe,RKe
incipient,555646.8134382371,278096.5626673802,1506473.694914399,598662.4668247352,7.8495713346013645,2.556118205976778,1.7123877218374781,6.667546543013654,11.76503050098834,-5.339269310404458,-59.832302140808004,0.4633408286044771,1.8057949730681615,2.851936868068414,-0.49676098085089593,-2.166007433761598,-10.181701842428245,-2.8373102009709292,-1.8561019412610953,40.08864124194093,7.284690213679737,-8.255809850751584
intensification,309971.80936330865,167218.0475656153,707321.7229006536,719514.0711002168,3.555764216059986,0.7805189142573014,-1.9684684870378253,6.023475094069079,1.9682083651674915,-0.7550251381104672,-9.729905784023126,-7.450040711613544,2.0196688926105484,4.488697281921994,-1.7967494951155376,-0.1654720994627517,-3.4794993711182034,1.3001141189763088,0.5713252700342585,4.663110683882762,5.832509218459493,0.7582112494829486
mature,189411.63903023163,177810.8073625947,633721.3391223412,810124.1206615657,-2.0005124716355627,0.652754875919958,1.9643260748038436,4.971695228164605,0.7025246867304864,-0.6662544930673977,-8.971386642806014,1.4477185306773417,-0.9647168635656562,2.975300157042798,0.3308520397968195,-0.9976051564606345,-0.6393679930015719,0.0009623249059638184,-1.7194302426492718,8.368205046636161,3.98758968885141,-4.454125359132139
decay,256265.7472153059,130915.95048837355,642080.7070005853,708269.126055101,-1.1785562199144084,0.9768307285506032,-1.243500107507582,3.8203889224820196,2.6394337166669333,-1.657589541829005,-4.369104358019824,-6.573543428600841,-0.6310452807663809,2.284077528290438,0.9959662910981761,-1.0230426425642696,0.9351827233010027,-5.497256632431397,-1.8451929169325627,7.7263434087428156,3.478105093196152,-3.9876022338201587
