,Az,Ae,Kz,Ke,Cz,Ca,Ck,Ce,BAz,BAe,BKz,BKe,Gz,Ge,∂Az/∂t (finite diff.),∂Ae/∂t (finite diff.),∂Kz/∂t (finite diff.),∂Ke/∂t (finite diff.),RGz,RKz,RGe,RKe
incipient,172039.25506021906,116125.98913109713,1464243.0936069186,365809.03120477,3.393498693515105,-0.014994320739586564,-3.541590640610143,0.040025941433219914,0.45178687213602337,-0.25993729380715863,-13.968781066964103,-4.749030134626748,2.6489403791434714,0.5045167005423068,-0.20796679842263366,0.07208475125525313,-7.465978124080517,-0.4597491667916057,2.718750702216861,6.650894889978625,0.38704230723521815,0.7076643857917796
intensification,254457.3778707154,133453.1322507757,2394774.5289878254,772519.7454907442,-1.2148811633783345,0.672743619551924,-0.6828925890706465,2.036708666152722,-0.1260914580968361,0.448754755940556,19.638634839234456,8.689557377151152,0.5981635789759306,0.4239773289132872,0.35397837764189455,0.34508802041743747,7.23738733964474,2.5272162506300697,-0.06206770808768005,-10.503473747140733,1.2602983110776793,-8.881942381744453
mature,225980.80952967572,176800.72065288844,2844580.9285893426,1208605.1466193518,3.9788058673678797,2.7099553426333385,11.971611729687272,12.969118707392946,6.510209751951794,-2.3046338358253857,-3.942350300871387,18.695687279231446,2.822102521903757,8.23526492968509,-1.0406835917980226,-0.5616218723046232,-5.393115928768862,4.132600087812534,-0.8621321337485979,-17.401183224952625,12.00217532828037,-15.560594169124588
decay,199750.8334608314,186997.81610828335,3386259.8050633576,798099.3825474507,1.6147406462385165,-0.7005414804873361,24.57292296055854,6.452267835967397,-0.6251112255607594,3.999344271686335,-2.2779350357276065,4.464235074810639,0.6418272290158248,3.953382938335849,0.46708210411804846,-0.5998052405805404,7.754600606850115,-5.807446466418178,2.006392495429988,-16.155127964219336,2.5536598041878587,7.8489735833623255
