,Az,Ae,Kz,Ke,Cz,Ca,Ck,Ce,BAz,BAe,BKz,BKe,Gz,Ge,∂Az/∂t (finite diff.),∂Ae/∂t (finite diff.),∂Kz/∂t (finite diff.),∂Ke/∂t (finite diff.),RGz,RKz,RGe,RKe
incipient,887266.0456371891,177374.57526645833,4058150.2714174828,519156.47426233056,-6.672761593537763,2.080349667623292,-5.575594359442109,13.009311363399107,3.8741393264813775,-1.7831131939247662,-12.912118031944157,-3.3636853189008007,-5.3425572843613525,8.346813527762247,3.883690473927032,-1.98766631805514,7.11211473375446,-2.73486421067848,-4.582860778468816,32.272588718678485,10.724408571645442,-17.9560846146189
intensification,1247155.5013391771,334927.20308957034,4101365.8982531973,719005.7617184073,19.257114480159174,0.6304309195545211,-14.743563939962298,1.2539854601340763,14.29397224106622,2.5556086960693025,-13.10205732542195,-18.621446691229345,6.18920238615283,1.241166831642021,-4.5223413971995585,3.110367581579865,-10.95989609757944,7.244941064584681,1.0712317614479172,-2.371389312354364,1.1783134260901182,9.868838355717648
mature,376476.4438486222,397052.96386217274,1649313.8552699506,2215750.4483159785,12.234927591782006,3.6881664147531255,-80.87131626394138,12.501161487268083,12.594287308593023,-6.485357467681293,41.87295044853272,-50.111359584689815,6.002818207417608,3.5203736100838157,-5.252657561063683,-5.304614229414807,-26.440568603437452,14.440902445871437,-1.9238508631215747,0.3228696201892074,9.993738310781445,-28.820215720648207
decay,241308.78280233932,155271.12372111285,1599505.9729036957,818389.6850044957,-1.5714383318283547,0.03825269701213681,-6.590175406187508,-0.13548026461413876,-1.4314317032897348,0.4365424302450408,21.201862404946116,-11.382135994551982,0.9474375839582544,-0.36986357034610245,1.0231952980768575,0.16529487633661302,13.04101855285212,-12.521923921081065,0.9214413665503743,0.000769885921862586,-0.44498051553470364,-7.594483068102454
