,Az,Ae,Kz,Ke,Cz,Ca,Ck,Ce,BAz,BAe,BKz,BKe,Gz,Ge,∂Az/∂t (finite diff.),∂Ae/∂t (finite diff.),∂Kz/∂t (finite diff.),∂Ke/∂t (finite diff.),RGz,RKz,RGe,RKe
incipient,965357.164399909,184598.13470735805,1920854.0992968723,384049.58056102553,6.805774019622759,2.229055537835515,-4.020463285467146,4.94884633384205,5.404053828568387,0.5750145165374834,-6.915220033932163,-1.0543284125719528,1.805239833336974,0.40828612500772926,-4.32175691314555,1.0411898986504469,-6.841501819887507,1.1439518212768733,-0.6909811842556636,-2.711592520110957,3.185966178119499,-6.771029385460371
intensification,648425.1158653045,278390.52854496357,1667150.7284144368,670021.2838060393,0.921976037247513,1.6329129800594562,-0.6072336898069743,11.920544010521201,0.9067462673423619,5.253081609069966,2.8837244457187055,-4.014541017259294,-0.009517323297196845,5.349508819580925,-4.8719839405665955,2.7118452061979212,-0.20306689570118408,5.126175400672677,-3.2238411906019877,-3.4015336888604284,7.7463946275897,-3.387061282396204
mature,468942.18482669163,500129.06028881506,1969399.117620601,894835.6426194586,-1.4158643953673729,1.8229737456179824,4.347480754746361,15.632456842647159,5.257137500913022,7.922475143363955,-0.4992291193540399,-8.68159407240995,-0.9990654615835428,8.00236634616257,0.5194223705190557,4.073145805565016,12.452305844121097,2.1317267614799817,-4.330605780143357,10.019918604096148,9.960153759230234,-0.4716552540108638
decay,564436.9761637149,739405.6914190078,2463195.8914661347,1162109.0976564598,-4.499099779650543,5.2521066313970435,-9.067701637613457,21.245184892210006,17.471517955416378,-2.1430457905084834,-4.390879031787102,-7.713663556910395,-5.1123888559064055,12.022609793013487,3.589139591866808,2.373717559287133,8.60060576436912,5.733291054974146,-13.129371511803068,26.55828621342022,20.50984161060858,-16.865931917938923
