,Az,Ae,Kz,Ke,Cz,Ca,Ck,Ce,BAz,BAe,BKz,BKe,Gz,Ge,∂Az/∂t (finite diff.),∂Ae/∂t (finite diff.),∂Kz/∂t (finite diff.),∂Ke/∂t (finite diff.),RGz,RKz,RGe,RKe
incipient,989946.0680766504,818900.8187969847,3077543.7936558537,719864.2900449055,1.2456419937555503,6.804687013907236,-6.8381292933089535,8.759386102247229,16.96152603521092,-1.4522180300187586,-23.54203465917654,12.66795166375758,-3.816690802409106,-0.1419146090053065,-6.089522624340725,7.670257552535569,-3.6678466769040527,14.29131606053569,-15.000719651888858,25.46667528182589,11.07717467089432,-13.974150998778072
intensification,906477.9449253158,761685.9678514192,3699560.566753545,839126.4979129527,-11.466808369594544,9.162348673749568,-11.532064297916474,18.486088721243924,21.621331734606255,-14.556084495261981,-1.6114076312017365,-7.269406824403147,-8.555364577989547,7.258740458939764,2.3193982006159066,-3.555148340596247,20.577557963983853,-4.111456717803888,-21.606393229835323,45.18783826269661,20.32467620216008,-26.86020291256114
mature,1595798.198822428,512516.41546791396,4967866.457498193,333538.5845569019,-2.3505146359672167,4.927956052839516,-13.62059882419806,1.2242351513015457,18.97524382563236,-16.568250967515034,-25.702790174933472,-20.541768953236776,-3.481353995310374,-4.4077915497609546,21.566179593872516,-3.5810132699516397,15.47711662135323,-5.884479372289154,5.168377185112458,57.151020256451986,9.283516796025426,-0.1875443945519867
decay,1515903.9748679432,464795.7840592305,5212001.943134678,458525.33395641105,2.095827572283692,4.272885211865971,-11.884342565020065,2.687907380916221,9.799324615123892,-4.685696747113245,-66.32779623932075,-5.398517071220371,-2.6432187961393065,-5.112336484275566,-3.0690715003212063,-0.39967352058939487,-7.572448041993496,0.2243187857373716,-6.499683331295435,68.54386319006362,2.7010453955741003,-8.949414088978543
