,Az,Ae,Kz,Ke,Cz,Ca,Ck,Ce,BAz,BAe,BKz,BKe,Gz,Ge,∂Az/∂t (finite diff.),∂Ae/∂t (finite diff.),∂Kz/∂t (finite diff.),∂Ke/∂t (finite diff.),RGz,RKz,RGe,RKe
incipient,282501.4868668045,339189.70633931685,936629.5352786866,492759.11717473867,-0.9776416154133353,-0.17943677309579525,2.410089980850542,12.938798710411842,-0.6720568618147547,3.020153471063593,-0.6999919949719065,7.6820067440565065,-2.3837836577022387,10.423730889612857,-3.1507643373349232,0.8996866410631816,2.356000173641541,8.833814161203208,-3.635785864029299,1.623543803176241,10.997768653507226,-9.3769013124146
intensification,230658.60520056318,318924.3039449261,955054.7784360541,789818.7166001837,-1.4148985374508978,0.06420762039775728,5.949650292201576,9.802476789063514,1.9869517537055088,1.0876870705365345,2.644093007988159,5.854471047924666,-1.5497699724086622,6.03629887647369,-0.08209402970065707,-1.409114233392777,1.0150505388111177,3.935553436808563,-3.4197367004593056,-6.163794223927719,7.241467864736446,-5.771744107978043
mature,260145.3545611989,194742.28756401665,1142319.0275814268,745211.5569646363,-0.6089460176436385,0.12549933548659287,4.957356295755975,4.700135354092937,2.591967679970219,-0.4079442804759784,9.101797951108214,-1.6530713483090995,-1.286569967341722,2.0643671988614556,1.4869090513328924,-1.8992917776729816,4.412954802849792,-5.505688505998431,-1.5885053107943727,-9.037253426370757,3.083288521409341,-3.595396216026293
decay,388021.88524548593,163065.8246681211,1417218.832116163,391833.39742005814,2.7669701648652127,-0.2602935361937881,0.27107038917890236,0.019363735643791437,1.391904942127345,0.4483511493646859,14.314743881532277,-4.365686595528732,1.9757789781262687,0.020717298716634962,0.9353404469597616,-0.08262011009396934,-0.012060674017103779,-1.797185019900699,2.050112133503841,-17.364845109593496,-0.2513139876210756,2.820208229163143
