,Az,Ae,Kz,Ke,Cz,Ca,Ck,Ce,BAz,BAe,BKz,BKe,Gz,Ge,∂Az/∂t (finite diff.),∂Ae/∂t (finite diff.),∂Kz/∂t (finite diff.),∂Ke/∂t (finite diff.),RGz,RKz,RGe,RKe
incipient,433959.81282187725,339306.66877114924,680567.1360322771,533622.7743485187,-0.05894812584256892,1.1446779767107866,0.7701244528345259,3.3068084345959368,-0.7510569096122729,0.36222142932869644,-5.488350131555419,-3.0516246599075103,1.4555853408446706,0.33973259552506646,-2.713386168116949,-1.3570015172209766,0.246901903337841,-3.9426993875274436,-0.8765994076364579,5.024075707901304,0.4429075113354774,-3.4277587093813433
intensification,284851.3095320318,374035.7735856314,824790.4166064159,591372.8410743471,-0.8726873781364849,1.2018706396246872,-0.015044789640418282,2.027692355471023,1.5773138796467485,-0.8248723029397379,0.8213000725661036,2.19725290248171,0.06936129142286275,0.5082818268736098,-0.4414872183700607,0.5579895529343746,-0.2459652189082642,2.5762781102419194,-1.6896178365286063,-0.1795331236974655,2.2086835717204485,-1.6637119373512315
mature,177116.83493973417,327981.0794332426,860691.2995889048,955318.8798985247,-2.2975694764250965,0.7197693149537389,15.028666737747624,5.290261592369711,-2.0236486876050432,2.3408231023542476,-10.288320508155111,9.166853181984836,0.5976631299271331,1.167304577536005,-0.03713525568267993,-0.44160272671575534,5.102891346730779,-2.604857498672197,0.40871327045100525,2.6601145935633617,1.7880664483459687,-2.0333055352791187
decay,599289.3005344669,263426.0907362263,1465905.5283668377,520970.6770722981,-0.8955844280310972,0.5554588198196597,4.1427324841819475,3.1997771265538315,5.000652658627302,-0.059607098403648015,-18.9986948556478,0.025333626990560965,-0.7202039266231235,0.6357754315649998,3.717134066825507,-1.0200932900274797,2.2148992281676394,-2.586886546476419,-1.6236442000132325,17.966446027664585,1.6838321151103401,-1.6692648158388628
