,Az,Ae,Kz,Ke,Cz,Ca,Ck,Ce,BAz,BAe,BKz,BKe,Gz,Ge,∂Az/∂t (finite diff.),∂Ae/∂t (finite diff.),∂Kz/∂t (finite diff.),∂Ke/∂t (finite diff.),RGz,RKz,RGe,RKe
incipient,670504.7317327547,370478.6456705977,1970058.847618664,539885.5521369884,-0.0534999381516373,4.275212800167593,-8.147495154228647,6.060164858387927,10.88486118211841,-4.182114698561453,-7.886615611000439,17.53827364819544,0.4700129289976429,1.4473698019765358,2.181810685506503,1.9033744829817387,-5.755976040834783,14.269922549510774,-4.481337634595951,10.33163466254594,7.870441239763525,-17.47601111130124
intensification,596494.0727442735,306702.0381905667,1900251.7469043974,1113539.0432801007,1.2152907223220117,4.898065688023914,-23.220718553367774,16.660377664885424,9.193110715739854,-5.386313964094913,-11.910898123943168,5.346594491559276,-0.74632943463151,7.450220343859772,-4.440094034130048,-2.44391590195971,-2.816202804207806,10.982535653403525,-7.5198483395239775,31.10012315078112,14.70471003899671,-34.245155056408954
mature,284591.7236483653,218612.45655601888,1700815.3834271505,1262211.0069068233,-2.7215959527713403,1.7053491487440653,-9.186020269943974,10.61893747061716,-0.30723272217509273,2.36990239658375,-3.443481921445347,-20.987443138819142,-3.1580340618396026,3.3870554613659425,-5.583628336037417,0.8045338441234026,0.1597674355899663,-7.267172416728343,-6.292642417889599,15.510865579750629,7.348219769412748,-6.084687018470331
decay,362121.63230940106,212864.0597070849,2102596.0472694193,630778.3404886588,-2.887013509736513,0.5638468572692752,3.6698878100218395,4.209462578118005,6.164786532663341,0.6151780975088261,-2.0400140715322292,-5.400573308985054,-2.832309876648778,2.0134513885300156,4.905888145951754,-0.7371672229376494,5.913801878046718,-8.130152361122086,-3.5820650391788256,7.170941649293619,2.293270400402253,-3.2691538202331927
