,Az,Ae,Kz,Ke,Cz,Ca,Ck,Ce,BAz,BAe,BKz,BKe,Gz,Ge,∂Az/∂t (finite diff.),∂Ae/∂t (finite diff.),∂Kz/∂t (finite diff.),∂Ke/∂t (finite diff.),RGz,RKz,RGe,RKe
incipient,178471.72751804304,171051.62840450942,1559336.1995788165,246006.13510124842,-1.4418590456504734,0.2086575959270577,-0.5146386043598775,0.8389631541033362,-0.8503809623167599,1.1053481479885316,25.77103032437008,0.47928286681696525,-0.13348582517459148,0.6107842343393642,-0.10411189051307225,1.3889707039122086,6.849143954915811,1.1042385850926915,-0.48693237791972827,-16.96538871944392,0.9139281140999552,-0.7286460401874878
intensification,244814.09320341962,249392.92643805593,2064842.4782505943,447608.89154870453,-3.1730656974682874,1.4167836020895936,-0.916780846046058,6.0519981516393955,4.536856341474386,-0.7972734188299788,9.875878419051238,3.654685093172246,-3.263438690107601,2.6607801573405685,0.07593927762790584,-0.0009072915297286519,3.139500823658159,0.7212185974434937,-6.217199159225174,-2.64653105187873,5.43158067685005,-9.902245493414204
mature,357372.9699447356,274419.42044223,2552770.7275091726,436341.2221019132,4.594801298068904,0.43343318520174884,0.7995688993561446,0.37334080959884547,6.4335589116407395,0.6933357984636649,-29.26662516068737,-2.920384758440446,1.3256836854381986,-1.0351507480308115,2.3504741761600245,0.19322395541406898,-4.01060392813687,-1.1424371374841946,0.9451497477899385,19.861651035125448,-0.5602042186524995,2.204175710713551
decay,393284.3994537824,209493.52634973498,1420837.0533557334,545553.0161704717,3.2519879901547477,1.5268420682724924,-3.870725865761142,3.7636620430190972,5.318965213238562,-1.1829072345334153,-15.50211296656824,-2.2710267654788825,1.6594859122979448,0.7202430248377447,-0.13441842117870134,-0.18514714595179094,-2.823392946334611,1.1246577224366294,-0.6745535759900236,13.297457895840024,3.2345800633282282,-4.238703420864728
