,Az,Ae,Kz,Ke,Cz,Ca,Ck,Ce,BAz,BAe,BKz,BKe,Gz,Ge,∂Az/∂t (finite diff.),∂Ae/∂t (finite diff.),∂Kz/∂t (finite diff.),∂Ke/∂t (finite diff.),RGz,RKz,RGe,RKe
incipient,328477.1433387038,130373.90833709478,1246506.3257117195,225680.69073370405,-2.3152670238455335,1.250034657721927,-0.5143832579429971,3.272569227703869,0.6487662384703328,-0.17306523922632835,-0.9866775579679062,6.629187909273409,2.1602141481341643,-0.2631403603235483,4.6219623541117905,-0.2159909941888232,3.831308133027568,2.5894819793693915,2.9079637495178505,7.647635972784005,1.979608815019447,-7.826658415550884
intensification,293849.30736765434,126311.64612385626,1462400.6436654248,394057.747925482,-1.3708140342807444,1.329700727585868,1.151636994673117,4.777086223253351,1.7973776636004057,1.7262780138052976,3.9429729608091977,2.9252523913510706,-0.9737640119753046,0.3452692594153178,-2.2512023396046494,0.012392518820136377,5.056253818111308,2.3155696426063166,-4.089693309899931,1.3324578969097385,1.7335000006823216,-4.235131977324988
mature,274349.04576972884,133785.68223498698,1639117.3309231102,394419.8935461957,0.6682261041317112,0.43613418824780037,3.7284126852451758,2.9621123312560225,0.6326473870054535,3.8478777330413223,0.7707555536515098,-4.7579185514311835,1.5301627946781229,-0.215890739082384,1.2732764138018076,1.0343012435433092,4.225477742001811,-2.0350383706259163,1.7449893191758656,-0.9419166010265854,-0.2875983464897909,3.4891805347944205
decay,240121.13486272085,111756.88246535712,1363173.0667845588,504971.4178935425,0.9298653814488208,0.48236692239973333,3.172877842120833,3.4073873846236196,-1.4196545819958992,0.1636576256994565,-15.210075237901549,6.282346706315296,0.576581503181649,1.386634804416297,-2.195236028186585,-1.2085597060093558,-9.069304687731334,2.3730846203512947,0.6366508576578683,2.0380273266005613,1.5528031305150742,-4.143771628466788
