,Az,Ae,Kz,Ke,Cz,Ca,Ck,Ce,BAz,BAe,BKz,BKe,Gz,Ge,∂Az/∂t (finite diff.),∂Ae/∂t (finite diff.),∂Kz/∂t (finite diff.),∂Ke/∂t (finite diff.),RGz,RKz,RGe,RKe
incipient,945671.9680897463,83176.68590386234,2517838.5185110127,367700.3255135774,-6.706250999334024,-0.043675127786805934,-4.137825961523808,1.0507900854452281,-7.017346238509707,0.1137612673506518,-25.74159192996576,4.100646541814354,-5.049412890411369,0.7348428675476181,-5.2907374324413565,-0.8624722360270219,-7.072324151762108,4.131994848791789,-5.02331732105248,29.513344739061484,0.11823170985436031,-5.157267739991601
intensification,687572.9020459487,174340.45579393717,2560042.161753684,520796.87343972106,-2.0239021224978657,0.10504729240185336,-2.483468846871635,-0.5941072787610211,-2.5827150888499535,1.5322809334286314,25.62631636858798,-1.9398690952395645,-2.917923418600042,0.022979393366114185,-3.7510494564227557,1.8119172873145075,2.2943857359773348,1.0059129169076408,-3.087189197668815,-18.82455966324114,-0.4195182172769979,1.0564204440365919
mature,435065.6352846541,233398.09756692618,2467025.805158328,663127.8450880357,2.534746392715954,3.3670317108929053,-10.16322916018791,5.804482624024162,5.575192995667555,-5.558891220792133,3.4612262979937505,14.892095709722874,-0.8181626777161257,0.1213860281755593,-4.381353346359832,-2.3093974956189505,-16.763616938519064,11.26478478792594,-4.054768238418527,-12.596360469040858,5.686944638304439,-19.595022706009008
decay,263768.25566848036,122356.62618813141,2022934.4060952552,753210.2152682518,-2.435422946129664,1.8014970373798556,3.149752534558659,5.00638244962685,1.3825118648990036,-0.9196693691124942,-1.078342291048026,0.7785212902813174,-1.5203654438607148,0.5397366237764379,-1.7151319115743415,-0.7727816599500541,1.9420499039342514,-2.929667810353943,-3.7315696852231532,2.3060626065532834,3.3517731214094346,-5.564819015703449
