,Az,Ae,Kz,Ke,Cz,Ca,Ck,Ce,BAz,BAe,BKz,BKe,Gz,Ge,∂Az/∂t (finite diff.),∂Ae/∂t (finite diff.),∂Kz/∂t (finite diff.),∂Ke/∂t (finite diff.),RGz,RKz,RGe,RKe
incipient,321135.08254693396,146963.48688118768,4309455.173427711,371762.9261711875,-4.57321795558568,1.8153018465900728,-3.279121143680389,2.9517503994910697,0.8724758358834798,2.2357001668073484,-48.52820707288978,17.73901753047412,-1.9746184191363587,0.27150035260663236,-1.0663908940599243,4.65791656922455,-3.2601295846283804,12.96440238968799,-4.6967828389390105,53.120416587527465,3.558664955318198,-11.005486683957583
intensification,240808.48076269115,339639.1342274901,4345801.339080683,678797.7395785482,-0.3704075879631909,4.116879695531472,-11.385137278729687,11.000754458698994,12.06333956164922,-2.3480785616692192,-13.653153491540897,-4.064524286511073,-0.9007411776507682,2.220792144414473,-0.46177151261617094,0.25836147255825576,3.259900948301244,0.6787850552415785,-8.778638966697114,28.668599306535018,9.490314797394998,-17.642582395676026
mature,206999.78071881793,195012.93622920872,4703313.960909341,824578.3928753694,3.5086258190948794,2.301520432066103,-21.05630046086978,5.923000111609769,6.526178750679627,-4.097279648585181,-38.540897204780656,-2.5487748901138954,2.7725764956324976,1.7573250814786283,-0.25841123473954786,-2.9230501126144617,-6.34430947506838,5.168548532108841,-0.9744437342581915,49.744262371487174,4.795709215514385,-19.261977150256815
decay,212049.7976379739,401834.639869231,3560867.5126089575,896307.382882509,0.46426198959871956,1.416240290794477,-23.057981353734093,23.447853902129328,4.421446254215089,4.128460870699178,-16.61544963286402,-13.82877190031166,0.07354645050607811,18.599409096632286,0.8233922085378325,2.5246854785315236,-3.9724375131409047,-0.008590395247478112,-1.7175517652840597,35.23673148385849,20.427838219167192,-32.68565375079924
