,Az,Ae,Kz,Ke,Cz,Ca,Ck,Ce,BAz,BAe,BKz,BKe,Gz,Ge,∂Az/∂t (finite diff.),∂Ae/∂t (finite diff.),∂Kz/∂t (finite diff.),∂Ke/∂t (finite diff.),RGz,RKz,RGe,RKe
incipient,767078.2870036694,134353.33597264555,3519416.9047024692,1025397.4623734728,-1.3448377282036041,1.3800413597789882,-12.248187288115782,7.470797504255334,-2.577644612964312,0.5780523079910171,-16.84145651635932,-12.359031150451713,0.08863376737533708,3.7781261269629858,-4.528086385832309,0.6121337130067602,-9.859759700080064,-0.38070520793852936,-1.9152381412926136,20.57472183259864,6.124837549492089,-7.7406588498579305
intensification,869836.2749539736,221280.2287300018,3233225.791411311,636639.9077034058,-5.619900946415544,-0.3200186508884895,-7.870374962165347,8.322886076872704,8.203132044846063,1.6006567319812823,-0.1629032971170211,-9.680598419951602,-8.967224765586469,5.872009661769224,4.367085742227663,-0.465127922141425,-2.1259388906884498,-3.529854102392349,-9.77596589992243,11.52724031500946,6.577120073638487,-10.0425167214788
mature,1111092.945251092,141821.71884489394,2606484.368612381,491992.76531383814,6.187966297479442,0.561048781526307,-5.847367467059623,1.4561659648231882,4.070283581088843,0.9754665052631035,-12.3701824902638,-3.4995651630473175,-0.822873817430338,0.43953837747529556,-4.173949342183337,0.7596754519237958,-8.751397305406295,1.1515107650752818,-1.4952178442664295,3.278186354437686,0.6793261299575736,-2.6524575037602123
decay,673170.0259033549,344681.6220219771,1993657.3427836236,758892.1744354496,-0.7798533218880649,1.5948002618372017,-2.695486183156549,5.568153803805037,4.844392319714564,0.17801418039906833,-7.591404630431794,-1.135862915219029,-2.6935531794287666,1.0583544872244544,-1.0039471874619843,-0.013251204026860247,-1.9006165354631874,-0.1688913801055132,-5.033392567227411,9.166127600013219,3.782088157541907,-7.29666845184807
