,Az,Ae,Kz,Ke,Cz,Ca,Ck,Ce,BAz,BAe,BKz,BKe,Gz,Ge,∂Az/∂t (finite diff.),∂Ae/∂t (finite diff.),∂Kz/∂t (finite diff.),∂Ke/∂t (finite diff.),RGz,RKz,RGe,RKe
incipient,7104.436232906654,242076.38784319066,1991808.081292605,1117203.6367284784,-0.12565585474183047,0.49012535644328387,-1.2959839955181522,2.694207742676037,1.1630440626893475,-2.7913822620597895,11.857114564985011,-10.919521389366848,0.035266965621542266,-0.3947053435335433,0.1414876835199436,-3.5166665488222955,31.025604441690373,-16.924521677333562,-0.6570868774679505,20.59012972696534,1.4787980994702472,-9.99519202616091
intensification,59769.9257053847,216166.8820284167,2990727.8671929,391325.26309943874,0.7270527840525615,0.6399311257137489,-1.509776806492641,1.415982207012957,2.604223247637518,-4.106375876300148,-8.151140527773068,-9.191843549368647,0.06097211642429693,0.41608161973689484,0.6316589132973263,-1.016016563974111,5.352712296575756,-3.898847153500867,-0.6055804245738812,14.286576846788904,3.866410393625246,2.3672373823621804
mature,52969.819649097095,140284.1602452674,2559651.094263717,438029.1352976083,1.1126228472264004,1.7077710207346577,-6.436503416164278,4.052052830064921,5.191764299493255,1.3494583224382009,-17.651170537386626,-2.6892377712887785,0.12409490646500894,-0.6122154488208172,-0.6936275267294484,1.1815141689749868,-14.886737819275384,-2.6066961339725103,-3.064997958261646,8.088313287049118,2.176337655867049,-10.406014608912932
decay,21903.77579384184,344310.47938665125,2716666.459902648,317804.45384283725,-0.5063867827904632,0.12985673339670217,2.4024375230797794,0.6155603184054417,-0.12491515783622227,0.3117220634417609,9.849179783976037,3.392378711421166,-0.12775495600544415,-0.6337498074420498,-0.07457954215789456,-0.303621516637885,3.320159128762812,-0.8423395494086362,-0.3261944337154334,-8.42507139550254,-0.12963999507090643,-2.4478410561554638
