,Az,Ae,Kz,Ke,Cz,Ca,Ck,Ce,BAz,BAe,BKz,BKe,Gz,Ge,∂Az/∂t (finite diff.),∂Ae/∂t (finite diff.),∂Kz/∂t (finite diff.),∂Ke/∂t (finite diff.),RGz,RKz,RGe,RKe
incipient,732495.3863188876,587572.6929397999,2378122.0504150838,459394.75376355543,2.9105364478950264,1.2811099391142948,-7.919248178252268,1.3195238088464052,3.412278589508548,-1.1567170005027931,-3.284307463136817,5.168572257779089,0.03161916362772813,-2.209694093195922,-2.2042398184256937,-1.2921042645672987,-10.092286739076574,0.5284382410028335,-1.4248720209249206,-1.7992675455825167,-0.09697339433239513,-13.87890600387493
intensification,407310.1303368035,472095.7470629005,1190395.0363203087,677906.6675783829,4.159141241056295,1.2252789651557228,2.839563509045819,3.7665801407978847,4.006268198941419,0.6981247168421295,-6.182062502134412,3.999577541118798,1.0798787590859844,-1.6324650113004433,-2.1307683539963844,-1.3914884987990972,-6.3069778609315446,1.2400905246049754,-0.7526163467257866,-7.123620108899246,0.45168796000093514,-3.686503648265889
mature,386994.2054417442,264632.0888629618,934094.993470338,583427.3423445049,-4.431742582064518,0.6164683642200808,10.339559445681479,4.5020691596897935,-0.19836302493661778,3.1299734441804006,-8.334522148952903,8.469724168691334,0.33879888963203425,-0.4629400643679592,3.512536578285034,-0.08196722147161219,4.047995685576878,-2.104438371291998,-0.10437461462278692,6.474700970912822,0.6736601298176998,-4.73667225399165
decay,680432.0321863043,202247.77071648472,1648016.6936261125,575279.1832981183,-2.420218241159071,0.7939464891334191,-1.5215635653168194,2.6126248823272236,2.2088502540430537,0.28471312919196734,3.4403952467269385,-1.7650512819438908,-0.6747777087901214,0.006174923504861096,1.9260917787984762,-0.645175968372056,3.2853843468038684,-0.9514763031326736,-1.9090302272702295,3.7867709065528197,0.8887892956297816,-3.320613468832826
