,Az,Ae,Kz,Ke,Cz,Ca,Ck,Ce,BAz,BAe,BKz,BKe,Gz,Ge,∂Az/∂t (finite diff.),∂Ae/∂t (finite diff.),∂Kz/∂t (finite diff.),∂Ke/∂t (finite diff.),RGz,RKz,RGe,RKe
incipient,968908.7284219561,168841.36917300627,1632742.5956964334,247791.9368260003,6.107696409290119,-0.08880713286162306,-2.0786664867424434,0.8019761144104606,3.3412267170344054,0.9246045950791056,6.635014074948537,-3.147654376293306,2.7364048522331412,1.1643736421729405,0.510820883444839,0.04998921392182968,-3.407944813916506,0.590589119398601,3.188483442838929,-14.071988811412718,0.016167866114807694,0.8576008945390032
intensification,695215.3877296445,193725.83883468906,1114272.290552407,529217.2352058082,5.854031357565698,1.8909380286809718,-4.35144927255278,8.21974729938142,5.196330965827834,-0.8030665088343543,0.4933232199697171,-0.12063213507544594,3.034481916610152,5.218955866222211,-2.25535017956093,0.38972421393279816,-2.517289796348582,2.1217681429643394,0.29328824085790456,-4.513195101331219,7.5215999934676,-10.328796293894413
mature,373290.9819579415,237226.1432554659,983071.4065809746,712157.936317555,-1.075812654392314,0.6727585535289137,0.5357686356329379,5.82069921307333,0.2304327257669416,-0.6963255626006681,3.9469512477002753,-0.3141396331567505,-0.9200427011631609,5.1950902586857195,-1.5004980372587602,0.18972042644304782,1.5998031238441548,-0.07610208823887328,-2.133984863889102,-1.8071041050967442,6.033986648588132,-5.046893032522516
decay,470556.50426760153,238861.77917506133,1505843.5226313844,686620.4513063022,-0.8593184834676186,0.6195220724401748,4.19507466077765,4.229426315855356,1.962117535720352,1.792579230602472,9.873871880559191,4.4721495190072265,0.03539970090596038,1.517277199432001,1.0359293131347946,0.5942365202535783,4.894499265948176,0.749654270302901,-1.1659846336130009,-8.315128791921047,2.411561533066288,-3.756846903782031
