,Az,Ae,Kz,Ke,Cz,Ca,Ck,Ce,BAz,BAe,BKz,BKe,Gz,Ge,∂Az/∂t (finite diff.),∂Ae/∂t (finite diff.),∂Kz/∂t (finite diff.),∂Ke/∂t (finite diff.),RGz,RKz,RGe,RKe
incipient,94812.79786502004,144838.0588640267,1837542.3351779783,686491.9376145895,-0.2985729754743957,0.7520564289914664,2.270048644768618,3.2393181795604935,0.4852122380756693,0.9357421929197076,10.17504444620518,3.425252658826558,0.3853582228093006,0.3693847051007398,-0.7907957509888469,0.246636291236758,-0.031662646812285665,3.3448243319112136,-0.8225245355474455,-12.178182762311687,1.798155848886078,-1.0496978617072201
intensification,128996.64206993178,248074.18596790626,2215324.6565387286,1054527.30801718,-0.6638472570887697,2.299471211604775,10.059265410387471,8.59527460597863,7.8631497152594125,2.8508158767542593,7.707861419311337,5.2310006085018905,-0.8172887205958401,0.9089138994972288,1.1328939769876585,2.483180693860719,6.781562159449775,5.0477016077592705,-5.094631783755748,-10.321717413160263,5.928168211480315,1.2806918036662207
mature,185583.31200458817,386500.0464312293,2228325.577269632,1211017.4144899438,0.735700372363428,4.509365332487212,-2.134361631577877,7.4624843043310145,11.928138128667237,-0.41935015301937106,12.616210590562616,-2.6903451531678257,0.7452382086162145,-2.5216723253022733,-0.0770794568347799,0.276312698673983,-6.434699226826311,0.19870430255869617,-6.760151880651378,-17.652248558174477,3.6487818235371567,-6.70779648018237
decay,115128.78812174876,335242.6797060069,1815445.2082452357,720221.8959793354,-0.4550611269218189,0.9117011786943243,-4.362898360431866,4.244650788541869,1.2082903366741609,2.5458851458468583,14.792477675891138,-14.227941427936386,0.004588654126752076,-0.7103508569999439,-1.079196933833991,-1.0962830314881415,-7.226532995835285,-8.465589821944889,-1.8308472187356462,-17.201051184372737,-0.3092185674874547,-2.8451975429822367
