,Az,Ae,Kz,Ke,Cz,Ca,Ck,Ce,BAz,BAe,BKz,BKe,Gz,Ge,∂Az/∂t (finite diff.),∂Ae/∂t (finite diff.),∂Kz/∂t (finite diff.),∂Ke/∂t (finite diff.),RGz,RKz,RGe,RKe
incipient,664449.5327341504,362264.9025652106,1893430.5251427628,1162105.0839769372,-0.5853477645352215,3.7507818456718063,-18.051095378159317,11.775713338864795,8.450075913022554,-3.371793641633437,-15.643724707958272,12.431923464372739,-1.0604963093083983,5.331056537433408,-1.7265909091394571,-0.05965973909443053,-15.391037132998813,23.92259361474294,-7.0112327410254265,18.889130717653995,11.337065395731997,-18.336138566653915
intensification,782800.0583854467,284122.14098251343,1478555.3830002043,1041439.0214878971,-1.4211069118590915,0.724289516683404,-1.1683237442925773,5.333837778270157,1.7481990559437146,-0.6483822017587683,-13.586764258404763,-13.618692466356961,-4.7278214543338395,2.2924147862209705,1.0522857402355683,-1.8717198067417158,-2.7342314319449113,-15.196940951742647,-1.3927307108838338,13.441963482611522,3.386210656603805,-8.080410007948418
mature,463945.9460542432,139400.77752697442,1159916.6074967994,208760.9667777035,3.916434338133414,0.3255355422094972,-2.2343594500123576,-0.03876914374792123,-0.51957820601434,-1.4287219759491332,-10.491807562751058,-3.794635476827985,-2.0135228653972455,-1.3068571502663633,-12.419019843417386,-2.784776521713636,-12.995552195115991,-2.0354911868703507,-7.657471757060133,-4.185819520485992,-1.7203592317219212,-0.4364460163068018
decay,251805.0691511896,60716.09344885869,689745.1078754365,129192.92182929783,2.296778152373667,-0.043963769777073634,-0.318987169211444,-0.24231045157302183,0.6900726091086117,-0.6275551540202555,3.5191015866376554,-0.13871567433660673,0.8627013405084126,-0.16932296699154353,-1.437751308150409,-0.6924866743943133,-4.150557431872323,-0.7346809695067934,0.12499046533757248,-9.647450001672201,-0.2632782021700058,-0.672642012808609
