,Az,Ae,Kz,Ke,Cz,Ca,Ck,Ce,BAz,BAe,BKz,BKe,Gz,Ge,∂Az/∂t (finite diff.),∂Ae/∂t (finite diff.),∂Kz/∂t (finite diff.),∂Ke/∂t (finite diff.),RGz,RKz,RGe,RKe
incipient,97663.75119346881,123364.3174513767,1994052.3198968703,196927.85968240374,0.29684847507811923,0.4541256770866708,-4.675292085739233,1.9165112601627028,1.1954174213263329,-1.1978940331345063,-2.588851001478013,0.07512053579067228,0.03635612043239413,0.6103045802984054,-0.19671312199330418,-1.4557114873813795,-6.163572712524066,-1.2600839330834355,-0.6411563911548472,0.8037218996150605,1.204568128829159,-7.927007814776044
intensification,119139.31812635393,432013.9305641814,2114504.2661247686,1226150.9222769924,0.005915980408362419,5.977517100066891,-4.698246102933799,12.667270562471645,17.105030589891747,-0.2910066648751713,-28.502472906019452,11.955468702061285,-0.7416937255511381,2.067047925912385,0.38039838656856295,4.716308616329613,-0.11204093632187462,17.85069240956148,-10.741199122847929,33.08276209222302,11.697068743609535,-11.470292957905249
mature,117279.4272260163,771905.8277386497,1844937.5685541036,2528166.711942163,2.316934198301992,3.198961170635379,-2.5457260432150286,13.804570009980699,9.364022492132536,0.6218419215424018,-4.1879060610411045,-66.05033721934892,0.6463708299404479,4.2261745752642,-0.8344710505286592,-2.3478718644983467,2.906110330541203,-21.39588437756693,-4.682598173723824,7.3228082364953435,7.63589505330457,28.30415678858626
decay,152424.678757263,357773.65665241354,2476561.5217049,555398.01583948,-0.9382991920393283,0.9548233843344947,-2.906349709464593,4.5899873371822695,2.3579190086676216,0.7660699638049119,2.376814302141783,-8.436912031696675,-0.4358036392469424,-0.11700162733251815,0.1740862254887983,-1.65437312492509,0.6951126516490154,-3.0250226192288796,-2.1673085908836573,2.1629472510111536,1.2147208641177734,-2.084447634179068
