,Az,Ae,Kz,Ke,Cz,Ca,Ck,Ce,BAz,BAe,BKz,BKe,Gz,Ge,∂Az/∂t (finite diff.),∂Ae/∂t (finite diff.),∂Kz/∂t (finite diff.),∂Ke/∂t (finite diff.),RGz,RKz,RGe,RKe
incipient,775448.77278999,547770.4362942186,3781216.1668558065,430213.27359479206,-2.6022628843554063,4.652761808141044,-5.957855923219718,4.838771702111634,9.027746640624372,3.1030398755454502,-16.753577034778896,2.4515005274538035,-0.877563075957859,2.3429560357478487,-4.340902532147558,11.239872332829174,-4.473930193579829,6.899041453211412,-11.318150248986292,20.83976564877419,8.322842351254314,-6.3490866995737445
intensification,514090.9810835487,826433.9529665676,3516764.600660269,1389383.6554955696,-8.063532359019696,11.74333842614598,-29.217468294554216,20.98775771456777,22.930494280303424,-12.116326693504964,-22.596854590797516,-3.8098034435677475,-3.739656997502344,0.9895002901396304,-2.69807742018079,-1.1892008650976462,-7.681015918530303,8.734617613116942,-21.948765633357933,52.196839325841125,20.17154511682911,-37.660804952437296
mature,412179.8721786273,420139.91475995426,2613690.6737381904,1209265.9720780912,5.896962445607506,7.141577458530747,-37.68453342372349,8.903274449707736,18.5395232462292,-15.637427590814998,-26.733236108450843,-60.22830542732606,2.3536862284641797,4.037365924308149,-2.0305629925382127,-3.6543520672428884,-12.666008559866972,-12.07296935749379,-7.531546334629162,45.85479852669986,13.744772514749096,1.567528196401041
decay,134910.6516282593,213795.4671243962,1034091.185083906,288287.46443218185,1.3107933410703803,0.6757391586380901,-6.264183765957952,1.6104026124283222,1.7199876276697827,-1.0512147041697646,-7.883097353678895,-10.893159867494253,0.39981548833456954,0.23248818472438806,-0.8577769944086814,-0.757686968198302,-6.484463316633157,-3.281236413141088,-0.5912321223699935,6.352024461933311,1.2281911897616948,-0.2626629240331094
