,Az,Ae,Kz,Ke,Cz,Ca,Ck,Ce,BAz,BAe,BKz,BKe,Gz,Ge,∂Az/∂t (finite diff.),∂Ae/∂t (finite diff.),∂Kz/∂t (finite diff.),∂Ke/∂t (finite diff.),RGz,RKz,RGe,RKe
incipient,1068411.9980467632,177436.45972307285,4994296.318360296,503163.9704497853,0.4408056505289056,4.843836094899613,-18.98578258246152,3.606255717029661,17.590863486756657,0.4915935109828881,-6.524348905550856,5.067660320131705,-6.099730885583053,-2.013355817732211,-4.017301873966407,7.147847364150294,-17.35357326774095,18.89781599375923,-16.323523615294544,7.7157525697425235,5.418673475297454,-8.761882625863656
intensification,832563.6998806,280948.2870279821,4334753.514565555,758267.5130469645,1.1085523930247658,6.4527581571190575,-27.236001164269666,8.082128815052743,13.489688827848786,-11.071480710783577,-33.18134411037187,-23.317529656017598,-3.3048870095186422,1.604708116349352,-4.175950951747939,-0.18963304610882603,-17.505764740056648,-2.1465506808988484,-10.104329229452901,41.80302814156013,12.511218322608437,-14.147151004203657
mature,681658.7866536647,163784.84953496346,3238364.2905445253,345187.6474469922,-0.10969249139225279,-0.30104191185238094,-12.475899252379127,-0.16306024055876855,-4.791998479854428,-0.36598213434422594,-40.58153868802792,-20.783284064594596,-2.846119111939159,-1.3830434706805197,-3.075867327852879,-1.9925334266032042,-18.29953761862246,-5.34893907210133,1.3053967487569151,34.867592813176834,-1.4885696209653658,3.1215059806729064
decay,601113.0961602813,110817.59736947462,2710180.5106022004,204112.6348042049,-2.1458292981648324,-0.10763550777359612,-2.780142500566323,-0.42375169233661664,0.08007251966400264,1.1074702591264571,-4.28203239308961,-3.1355294728020953,-2.1319232652767104,-1.080607708612236,2.062890837209841,0.15392775003051862,1.8672192850454272,0.8505258231336951,-0.27064648839259076,11.075223476866192,-1.2696586936589591,1.629664487706083
