,Az,Ae,Kz,Ke,Cz,Ca,Ck,Ce,BAz,BAe,BKz,BKe,Gz,Ge,∂Az/∂t (finite diff.),∂Ae/∂t (finite diff.),∂Kz/∂t (finite diff.),∂Ke/∂t (finite diff.),RGz,RKz,RGe,RKe
incipient,222502.9344468481,243773.88193680774,4744957.904519036,290486.27876237046,0.8726871402036052,2.5605411345113787,1.3224856202917703,4.944881957708959,7.432735050020017,-2.9645204963745493,1.0557434022281296,6.138308416892319,0.7886184951654163,1.2421355137906405,1.5334160586209549,-0.8980025401958627,24.798315974705528,-1.9691913039633218,-2.4660907166840773,21.547399811982018,4.450858779376266,-11.729896058272828
intensification,234779.79354688135,294859.1390514044,4049124.949672518,837029.3602099424,6.070520536489766,2.7823853591928196,-18.497111491267766,1.7075200590534327,9.426932432770357,-4.531767203385697,-46.38720659939902,7.823198118696843,2.1600833959847416,1.2845145737221497,-0.8657667185225261,0.6812453431479684,-18.140722008722566,6.720251463522473,-1.4397932556102997,40.67307554545447,4.1381472463942774,-21.307578205495567
mature,107277.42592892594,334699.94930173416,2145041.300177212,1294166.7489332752,-0.6190985100435636,2.0702335836852033,-15.071743925442169,4.252630635076812,5.597391402803002,-2.8442409569343456,-9.59491928616414,3.1655295675013577,-0.8528035912053152,0.8226445418431146,-0.2582231112571884,-0.9966818185163717,-5.95717496304573,-5.398383154159435,-4.404479440418551,19.328586758604143,4.029956189809583,-27.88828728217977
decay,106291.09923972089,236808.95175426756,2241374.4968736656,511853.5028596359,0.07626081347555151,0.36975506223424026,-2.7566647784643035,1.1719750622068263,0.9697992804309807,1.0622716837356627,-0.16673905042555925,-0.6880297449301763,0.027026733360401855,0.4399617628488914,0.16066156692159314,0.5686949273050984,0.822002278868046,-0.8848000160365731,-0.36312183779959595,3.6691452942823575,0.30864324354202194,-4.125410111777526
