,Az,Ae,Kz,Ke,Cz,Ca,Ck,Ce,BAz,BAe,BKz,BKe,Gz,Ge,∂Az/∂t (finite diff.),∂Ae/∂t (finite diff.),∂Kz/∂t (finite diff.),∂Ke/∂t (finite diff.),RGz,RKz,RGe,RKe
incipient,873712.8791487245,94334.18456924632,3070761.2671689494,298521.16921113926,5.182325015663483,1.4835500959260546,-3.286425689897878,4.031714189122399,7.50416786145972,-0.6873513224226373,-0.21673083169962465,2.9169182660799753,4.54711015489861,1.8867650483387126,2.9356890234622073,0.6735674992266161,8.802981750935501,4.198263201152824,2.0973962735920244,7.123813256869522,3.9090829148455972,-6.036794943947429
intensification,1316940.1787327167,168535.9570143923,3685181.4766539442,460398.2476867803,10.767737244212375,0.7506829067261308,-7.397834293186619,3.761372296874086,15.42085495531178,1.6141486302521768,-6.571908853480133,-6.299124079808779,0.01098697298310623,1.5536048156574462,3.8487987642472756,0.602779143278602,0.28159229701524985,-0.3104871421050405,-0.05363604012599724,3.483598199469625,1.99931990317438,-5.170569652356965
mature,1510756.628330937,207353.7693934722,2983507.3815110684,269436.5085097681,17.35331939384007,1.4097805813449458,-3.2730859372276933,2.062673152368697,16.220861864803556,-0.7280909945928533,-30.157294287765605,-0.7497878377336947,3.30952332692676,0.24260172807828118,-2.529964885393098,-0.12385645412272535,-10.996359382781014,-3.1851615557053923,0.012273224988358552,5.080701448372216,1.257127111493879,-7.771132807568089
decay,876407.8015318314,255992.08911108182,1858901.766302841,161156.90635308085,8.639873061042225,0.6622726774324112,-1.1101799554795784,1.789843937270864,0.8121785245057375,0.5009787263436655,-4.902897814422969,0.4408968832736133,6.181275177876625,0.20617705026318597,-3.4229842867930143,0.32358334517200044,-5.0950961056542985,0.31198982816311144,5.066982927175886,-7.721891396793976,0.9501758786667877,-3.0289309478609443
