,Az,Ae,Kz,Ke,Cz,Ca,Ck,Ce,BAz,BAe,BKz,BKe,Gz,Ge,∂Az/∂t (finite diff.),∂Ae/∂t (finite diff.),∂Kz/∂t (finite diff.),∂Ke/∂t (finite diff.),RGz,RKz,RGe,RKe
incipient,1380494.167152154,184322.23907685926,6097206.509731503,412678.26232437143,4.9166212975116705,0.32476961865194454,-16.222915692351943,-0.8999268326898122,11.734318047977675,2.6719115001582807,43.64756388368431,-4.763783638975155,-2.0315583719069314,-0.49704756367046254,5.389595403689867,3.8472917536043854,-18.545129933938824,9.44660950591121,-1.1033317281241906,-50.88639942278287,-0.04931619789565147,-1.112595714775767
intensification,1153430.559818097,345616.82472830947,4909422.643421494,391188.57879034965,5.827776387581829,-0.8283815931736992,-6.2788372858576285,-2.0989954635846533,-2.9322940399649564,0.2978723904632315,50.99879708336916,-3.8557277148216897,-1.6807872583931371,-0.5115446290871755,-1.622601579950667,-0.30851170104934533,-6.992314229952085,-3.6090845197708146,6.309087254422419,-57.54005041504545,-1.8769979619235313,-3.9331986272221
mature,931513.9394910377,300527.79818305053,4314926.052284598,310610.2566986657,-5.092306228461505,2.7830795031919893,-3.4381469647623355,5.0563324269308145,-2.1570512823992836,-3.011125023578656,10.251478013309635,11.738505583855579,-2.526728134457772,-0.03956360846572832,-8.768546035271031,-0.91170148022538,-11.483691947107365,0.11562874147566013,-8.920721478141264,-13.20471676719316,4.372676467092101,-20.11735623407307
decay,481006.7209832614,180577.9516817806,3115081.0031990083,480499.2905207715,-2.747408255437505,1.0782537253514388,-2.9000523949156825,2.4353673241686904,1.4236262934622606,-1.6839269239083186,6.725279356430071,4.4952907378864335,-3.360095387086273,0.6465380033899829,-2.2708733901491693,-1.0625205517822356,-7.04999480799255,0.5398318299864361,-5.363654213697496,-8.127813514069432,1.9785199709433339,-9.29087862698437
