,Az,Ae,Kz,Ke,Cz,Ca,Ck,Ce,BAz,BAe,BKz,BKe,Gz,Ge,∂Az/∂t (finite diff.),∂Ae/∂t (finite diff.),∂Kz/∂t (finite diff.),∂Ke/∂t (finite diff.),RGz,RKz,RGe,RKe
incipient,772370.1830756457,448247.42124603386,3387045.2165866205,601147.9936463886,-5.0054734318111045,6.096427549748381,-2.7518799727540024,9.760757248413157,11.429080875507,-3.527552713930504,8.97784700060743,22.994350587936015,-0.7841486184586537,0.5199392058119019,2.1340836657145297,1.8047825244273814,11.21128059959876,5.960761547926666,-8.204043091855194,9.99078700355644,8.99666493702266,-29.546226261176507
intensification,564868.8939424611,442352.6911467483,3306669.4751387243,1419437.1010543073,-5.931842491078021,6.449505704451502,-8.647569893696682,21.362679013712764,9.793487597153083,-4.949686938324923,-6.759687598181765,8.037787644251988,-4.104665699193569,9.757254749637875,-4.223297715013925,-1.2557542029343696,-7.3243594059902355,6.372859893654236,-13.499122098793531,14.014740576966238,18.607106044651815,-31.675176658007203
mature,303210.05148888513,272880.7933709753,2805695.3292745305,1213405.285646056,-4.0164197317805455,0.47834194781531447,-0.07783268751656731,4.465641800234817,2.2281022371314037,0.5252549260032952,3.4407583517727724,-3.144411589084019,-4.437959551185115,1.288991916354661,0.6931036407511069,-2.3290367912840475,4.145226300877165,-12.370295409116403,-5.073076380345527,4.798720368401505,1.1330081351321595,-13.76935830778377
decay,390748.0937058287,286336.5000681682,2507560.6329850242,585089.5748466651,3.188022268890628,1.0042609114219894,-4.843620904897968,1.9050908636315493,5.694097107217563,-0.3587802072690966,-12.112874489963653,0.5877428083449366,0.7362523746014307,0.363751000387302,0.6053106199387083,-0.05273034334042358,-3.9230369103157,-0.8674336562937114,-0.8965033069662378,9.84543621565529,1.2068798161382333,-8.203888233168167
