,Az,Ae,Kz,Ke,Cz,Ca,Ck,Ce,BAz,BAe,BKz,BKe,Gz,Ge,∂Az/∂t (finite diff.),∂Ae/∂t (finite diff.),∂Kz/∂t (finite diff.),∂Ke/∂t (finite diff.),RGz,RKz,RGe,RKe
incipient,718781.1392216269,285510.52600437665,1629805.0472875054,479620.73603719036,-0.032977160901794374,2.9128502866271138,-3.439984100780014,6.047300370290703,3.6731361101609483,-1.4137110280108611,-12.313881852104835,5.489319113097852,0.04543095221851438,0.08976802184312631,-3.3396488344096764,-0.862213781746665,-5.430449175456722,3.7477611943113858,-4.132911818845305,10.356393938329921,3.685947329927785,-11.228842389857183
intensification,500181.1993124551,336132.19885537314,1574861.7311361365,1043138.6433721418,-2.4740114403613354,3.1697148895896454,-7.295835809080516,14.731980206962211,2.1870491911406695,1.0317527542987293,-2.7081659061241385,-1.2701981054253049,0.11407129269921594,7.5107523639949685,-2.6202348243571225,1.478542744862466,-0.00017767517932735602,5.134981395701579,-4.111580566269482,12.47783548038666,12.0090553079363,-15.62263651491584
mature,313861.5250432006,396621.20701205014,1780401.6550837625,996053.5783785157,-4.212811242648658,1.4804098629485394,3.0032685133221304,10.195450547299844,2.2913934228965194,-0.23233462896902943,0.5886974111582687,-4.241069889911356,-2.979041926323063,4.965003837666864,-0.36480549995837563,-3.0182659103119485,7.0901507184180375,-5.643034358341232,-5.388600302555013,7.710996036586299,5.929109403008386,-8.594146502407591
decay,405615.20439091726,228660.30054917696,2010642.5941785756,656128.4576910579,1.0393130594320261,0.16111020975905568,-2.4946363955562396,0.47594195653010574,0.5571659238061237,0.4931937782039057,-0.7818991513332267,-1.661991812785242,0.6999502252952078,-0.28156433953273874,-0.2486872207575836,0.011566965821481397,-2.738021227537109,-1.0134804716861725,0.39457012462737445,-0.5007987400796683,-0.16679506561137433,-2.322067010987276
