,Az,Ae,Kz,Ke,Cz,Ca,Ck,Ce,BAz,BAe,BKz,BKe,Gz,Ge,∂Az/∂t (finite diff.),∂Ae/∂t (finite diff.),∂Kz/∂t (finite diff.),∂Ke/∂t (finite diff.),RGz,RKz,RGe,RKe
incipient,401324.8550587158,137625.06749728014,1679372.4830555029,369808.565623671,0.06199020513479952,0.653642436212187,-0.8996214358892356,2.1171121933931363,2.670915633681679,0.08131605816628218,14.72224282565318,0.24864141906254808,-0.9190228247904665,0.5328749637778935,-0.08035883066384117,0.5620868129421964,4.139853136003812,2.390577641249155,-2.0356418229985334,-9.74475845889493,1.944240511956864,-0.8747974070957651
intensification,370850.8835157928,264019.0878972428,1284175.456412499,1188624.7368226468,2.9184858317749844,0.18543555006200613,-6.727000183982007,1.3836087931665761,1.5082139355739057,1.9338563046344996,6.278864400028786,-1.5155259000423253,1.2122663790349741,0.4225229922491704,-0.6379753176112513,1.2302174544889073,-5.301812267746624,6.246721251736482,0.9577321286518332,-7.7721623155683845,0.49453439295897766,-0.3483618253697749
mature,358884.9191523077,328840.8363182502,1196069.9042687132,1065780.2971948595,-0.7498703195406753,0.2594791758535619,-1.6389844084473135,3.20465652412736,1.665381667431777,1.306974785863964,14.636381475520468,-29.976213502247194,-0.41113711842091716,0.35019337958730823,0.3315661997433968,-1.5578137819686442,6.910874388459641,-16.10343881439716,-1.8242066113754933,-5.336652359072836,0.0803887804411898,9.029133755275367
decay,292216.9780102298,275308.9643760995,1394507.9848087041,366169.46420006745,-0.10602859583970886,0.6465849443163495,0.4471597350637759,1.9790763632542305,0.7199909284170948,-0.0742057090034069,15.675570391289833,-2.171867002003463,0.5515811663990852,1.15667534428582,-0.4568625983159152,0.3770805580760213,2.005272910204973,-3.928585765257674,-0.6362971782563692,-14.011428620308926,1.7837776860173091,-3.288635391444665
