,Az,Ae,Kz,Ke,Cz,Ca,Ck,Ce,BAz,BAe,BKz,BKe,Gz,Ge,∂Az/∂t (finite diff.),∂Ae/∂t (finite diff.),∂Kz/∂t (finite diff.),∂Ke/∂t (finite diff.),RGz,RKz,RGe,RKe
incipient,859716.7432927313,62063.09935549054,5747693.224327465,168709.07894371395,3.2823744239777484,0.12462139468480239,-0.690414799926956,0.6635551921860261,6.844539180436543,1.2520728770365948,16.2150169481048,-0.03376778769741908,-1.35243272946861,0.04074671956613422,2.402407258908467,0.07470370991230721,9.361169969681535,0.8126179582223535,-1.035136102865526,-9.445806602474063,-0.6384353696230638,-0.5075842461932093
intensification,809244.6827316645,437760.51077956357,4916886.076551272,739557.3888409501,7.328347690850772,7.410240092575417,-27.339252909449996,7.690364727142239,21.071286590580065,-13.458955735509546,-41.995618371651275,-16.14769808849838,2.569127935003115,3.7103940369955666,-3.494433553339219,2.4841101926316895,-17.54461205464749,4.972063814439448,-9.82713236049309,44.461911535603,16.22319056270806,-13.909855733654409
mature,114203.39713146958,731986.26126201,1658086.8539272465,1046308.0803456305,2.6784541194087694,0.20115841247518507,-54.197109104030744,-6.090483221184718,0.18554179162419832,-4.652308238862418,29.57393644099013,-50.83435845276881,0.14705550715029142,-1.3490547831265276,-3.2985816933357,1.7583060906156915,-19.938332253524184,-6.443962158197137,-0.6045109530759439,2.006386290107657,0.11897269581820728,-3.7162295882743424
decay,109197.00594531982,335041.18980107293,1557842.956237625,637879.0787859893,-0.26710626410440286,1.179539491578482,-3.7470914396543438,2.808587950304599,3.17697437029912,-1.9205698323500628,14.693696868462904,3.147396207565417,0.3044297195682783,-0.3803785203461464,0.736562206007386,-2.1818721675557047,6.993254732016209,-0.3517446853100072,-1.5279789368176546,-3.6862444326879493,1.3677461235204746,-10.054820282834369
