,Az,Ae,Kz,Ke,Cz,Ca,Ck,Ce,BAz,BAe,BKz,BKe,Gz,Ge,∂Az/∂t (finite diff.),∂Ae/∂t (finite diff.),∂Kz/∂t (finite diff.),∂Ke/∂t (finite diff.),RGz,RKz,RGe,RKe
incipient,5610.354731265092,221779.47954559122,1011865.6055610846,521196.7715230803,0.025257836936447224,0.7063509895214644,-13.620779699516056,0.4042815640980699,1.9763845538564684,-2.8076213589579684,19.959345076443928,-2.231321332413269,-0.0005702481652631107,-0.8050355546816245,0.02318425365745265,-2.022600116738649,-1.9582728050393392,1.382682543904115,-1.2215914737411042,-8.322096018903656,0.4829518167959249,-10.411057387296744
intensification,12646.297568199005,82357.12686714233,1080515.757281021,302509.3160239868,0.10275478577889197,0.4288050767781151,-3.699545610969034,0.748834900561543,1.2148893863115282,-0.2092947806994364,-9.165019202630853,-3.5824865554163297,0.0682617575219733,-0.11443268656062162,0.04402892067103169,0.07473567110230096,0.13879421488685562,-0.24804688046740858,-0.6393006030834893,12.900604242707853,0.6040602755851653,-1.1139408365816559
mature,12856.576166873621,150480.8881907141,975272.5144241833,377140.6095147729,0.12672544121570609,1.6228274610196116,2.0324114662190578,3.0777666774481722,4.353721262987956,-0.04269433617255367,3.7503074040887596,4.604308189959831,0.04142664889177106,-0.2875695319044027,-0.05973241132392829,0.8875811052407173,0.7309367902437142,-0.3521144592799404,-2.663900772076566,-5.178507521279809,2.3852146578418325,-6.001777860468885
decay,6087.490663860453,332070.85906320566,883083.3249311658,918171.1137695005,-0.15183519126681844,1.7637027972141723,4.655366194186393,4.06835021638187,4.60137088816172,3.7817606362165574,3.0152442734569838,11.115109977061776,-0.10724661124769669,0.48836607649916663,-0.033101020502604966,4.904259203107653,4.181615941414054,7.808553624727307,-3.0226043027169713,-3.337159334962504,3.427145986058793,-2.7195403745299473
