,Az,Ae,Kz,Ke,Cz,Ca,Ck,Ce,BAz,BAe,BKz,BKe,Gz,Ge,∂Az/∂t (finite diff.),∂Ae/∂t (finite diff.),∂Kz/∂t (finite diff.),∂Ke/∂t (finite diff.),RGz,RKz,RGe,RKe
incipient,423262.72799429594,780874.5144514848,3231926.6261585937,1283742.4728864676,-8.78955203088553,4.014977383167037,7.599493193223862,21.5997353670502,3.8546122047448903,24.03307385231445,-27.58314542777006,-16.0224747915051,-3.8006593517380574,8.450676729482415,-3.946003434045565,23.605449822663388,3.0082397386222435,1.1695112629485012,-12.575190286508947,31.78144400405397,17.157133954232098,3.1917438806272664
intensification,667590.8509824851,988396.4842540127,3632794.886469324,1259248.1425449206,-2.2196270514274774,8.371207088129857,3.9829959281962557,16.63364048855685,29.31465515000695,-17.94978039502474,-49.25583128423952,8.155353917200276,-3.5288137411612914,2.793272699004343,5.707376801809655,-9.484834851972714,3.8602283874887426,-2.3905794588954787,-17.455698311494913,51.352690794959486,16.72737894347902,-23.196577936456354
mature,768610.7299352419,258420.9116200768,3607855.2186130816,1022467.3455701878,-0.7239751416616346,2.961762250209426,-2.3972463875988397,7.5915287972065695,3.8609199387291886,-4.839044710772673,-20.266943678771238,-6.733861011681956,-0.781138595413466,1.7927207878937583,-3.2200817380138607,-4.366077289179086,0.7312008600483955,-7.427531375434114,-4.843214568195258,24.119366068080105,5.10273396859073,-10.682445548557567
decay,722419.0494994302,217682.1040149547,3646740.03044263,313921.4529911553,-3.346181086832807,0.5875171530438142,-1.6903581902979843,2.6236422624030062,-1.5074386510916724,2.101889106550029,15.319832667193324,-5.45771547346708,-1.952698581154427,-0.07018476166856738,-1.354095319186918,0.7746806647340428,-2.899976441532489,-3.15997390041015,-2.6053206018842383,-13.183269831595023,0.7089166675432057,-2.0162588796440595
