,Az,Ae,Kz,Ke,Cz,Ca,Ck,Ce,BAz,BAe,BKz,BKe,Gz,Ge,∂Az/∂t (finite diff.),∂Ae/∂t (finite diff.),∂Kz/∂t (finite diff.),∂Ke/∂t (finite diff.),RGz,RKz,RGe,RKe
incipient,72332.63874922931,298232.907373715,1132024.9140370488,1303499.8209416962,-0.5908603522090298,2.361114100984172,12.38730173344806,7.354458781047216,4.608181658412748,3.2873437673851007,-11.438634628543378,8.345009782011994,0.07861945407814219,-0.6807923013946456,-0.42801893210675274,0.4702000266232691,4.269839879533651,-9.322296466669469,-3.265946841744359,3.9120331268379993,2.176200939301212,-12.634463296280614
intensification,69318.42492074381,468411.3782905478,1410647.5786961266,929199.1186779322,-2.0195817183656386,1.2891429039097646,2.5136090536389433,5.434187849600571,1.8743794439375938,4.330877005066631,-0.663103674212676,-1.5816867325926633,-0.4929807433323607,-0.39935635269614805,0.2231513581278844,1.254039087250929,5.0899860547813764,-3.396675885412172,-2.381666900265585,5.259062393720748,1.0682070278751061,-4.735567948781137
mature,90863.35162012104,369679.4284947499,1786950.2867478628,830217.2957042562,-1.6135669577660554,0.768493742086226,0.9935646430377908,4.715576423813477,2.0136398605868298,-1.0504189261811818,1.959029765032793,-5.137931756637773,-1.2632635191739006,1.122737612091689,0.7020603115253926,-3.9717063736898943,9.57196013386337,-2.7418019854398117,-2.1566527647412665,8.232932683558845,1.0257952342185384,-1.325882009577725
decay,138160.35683254764,136349.1515482632,2448009.103167911,460494.4673962038,-0.3218649409439989,0.035751194438557954,1.190408213607613,0.8619130847169089,1.07342751817483,-2.701946172609461,4.303098774144002,-8.332007290011948,-0.5969124181955283,1.1121362449261263,1.1171547788558762,-3.2303569410243904,10.386282898363433,-9.274566913697669,-0.24238648582439487,5.214640851555816,0.2977511218634212,-0.6140644947950167
