,Az,Ae,Kz,Ke,Cz,Ca,Ck,Ce,BAz,BAe,BKz,BKe,Gz,Ge,∂Az/∂t (finite diff.),∂Ae/∂t (finite diff.),∂Kz/∂t (finite diff.),∂Ke/∂t (finite diff.),RGz,RKz,RGe,RKe
incipient,182100.40767962395,66475.22910451918,885885.8620770421,170011.1745060055,2.3814381781809164,0.3259596146226923,-0.5784709929446131,1.1037931806366346,5.949222464433554,-0.6162823066154831,0.7532088142045461,-1.1969256053364026,0.8449886296786835,-0.055081539941782325,3.2179124023661005,-0.6818172595109324,3.000830907572941,-1.3378038930847465,-0.0239122692638436,0.44465490813209174,0.7122986131184927,-1.8231424613295912
intensification,220057.77268636433,53085.36006391442,627629.3948896548,102805.51903226635,3.0610484133847535,0.3648479577285594,-0.8758923389012014,0.4665322434962006,1.914116548430482,-0.12092962448525969,-2.6947571044957606,-0.5208232299247583,0.966043497269056,0.016440296374462832,-0.8313907194898531,0.3920551318765462,-2.5636518812013844,-0.16954803126955983,0.6803891031929782,-2.0540508511891766,0.6146690421294471,-0.991149383742204
mature,89463.46787925057,118982.75132970257,562787.7730426396,138542.26136188634,-0.36033783837377287,0.6460552462682669,0.07615254940203142,1.4692407634444289,0.5303282336065629,0.1312199616681349,-1.60407656641966,1.6525613235492054,0.1485853309902185,0.001162722401134337,-0.4623415647942811,0.17902629558500388,1.2099674599334118,0.3143304615484663,-0.70695239050635,3.098229315324813,0.870991851093031,-2.7313190760431363
decay,147336.92162250096,172357.47410921293,888332.2646624661,385053.43307479436,1.1739938437093538,1.117281186942841,4.112620505386102,4.942187143888611,4.359822816583883,-0.18204410920241437,-11.723072117295926,1.398797437268603,0.4157532559906705,2.4015949037514797,0.549292182541938,0.08891651794142796,1.1514071330858713,1.0056059627153056,-1.5192556033897495,7.587864901286341,4.095866584089613,-1.2227581130558072
