,Az,Ae,Kz,Ke,Cz,Ca,Ck,Ce,BAz,BAe,BKz,BKe,Gz,Ge,∂Az/∂t (finite diff.),∂Ae/∂t (finite diff.),∂Kz/∂t (finite diff.),∂Ke/∂t (finite diff.),RGz,RKz,RGe,RKe
incipient,153341.5513137884,90495.37978035207,1364016.5283127194,290260.6101319865,-0.37795627131949167,-0.2812552744920048,2.554393842639285,0.4065871399217039,-1.432781242430548,0.755390251678573,-4.160906523703692,-1.294753682865132,0.3466684483077639,0.29227118120507495,0.02728157103921237,-0.014323112679625345,3.1289948490561432,1.3670905907193254,0.8008512676582636,5.113463801440042,-0.08187094994448978,4.809650976302039
intensification,213535.8624850758,122579.71193296551,2254392.2097206917,378595.3728200889,2.7051169920948617,0.9209625620007639,1.5204516024625434,4.158727530272713,7.041026944680507,1.0461490829932851,-7.929671713619283,-1.9768232150549532,-0.2254524117093567,0.39571369045808813,1.1663810655588338,0.07839002882795741,5.4612948749086305,1.964792761329335,-2.248566325026047,9.165397993970508,2.270005914106622,1.3033400485741184
mature,320818.58726337965,110112.03240175814,1819477.20058936,499440.86595379916,9.472835239148479,1.1607632098730722,-8.094005756570695,3.2138236713074644,8.454969677536248,-0.7058002614627766,-19.102776985651364,-15.491402858225724,3.3420713458950924,1.1341423130541246,0.35600216056358386,0.23345156442308954,-18.9081703040264,-5.646548891181115,2.534630932048886,-1.1842228009528208,2.9923122873202583,-1.4629754608335503
decay,240556.58543230666,114360.84858063953,1447012.6979336243,245650.73573608103,2.876081670281604,0.22015706259929638,-3.4611721123590815,1.1937572357846211,-0.22356271958291374,0.5498276005138357,-9.5334678996463,-4.049745492577731,2.537213873166284,0.2744695218795404,-1.3763558080601401,0.07900567169219908,-2.742387787373422,-3.35742419906128,1.9434456444036738,7.376170554350357,0.5027782443636881,-3.9626080546272515
