,Az,Ae,Kz,Ke,Cz,Ca,Ck,Ce,BAz,BAe,BKz,BKe,Gz,Ge,∂Az/∂t (finite diff.),∂Ae/∂t (finite diff.),∂Kz/∂t (finite diff.),∂Ke/∂t (finite diff.),RGz,RKz,RGe,RKe
incipient,133394.64424421536,301270.5450867855,1411382.2950814413,391786.00058013835,-0.9245313432588711,1.9964160179921695,-5.676171458553203,3.147963737237687,4.69699050422044,-4.3043249221396005,3.392989436404767,-3.8941606913191564,-0.14078573271443695,0.16481934617076743,1.1281179381317008,-2.3617470806185303,-4.098690388145825,-1.1875289502560111,-2.4969878913554413,-0.8909770227385184,3.0941255607665887,-6.117503454727744
intensification,120608.54569667735,421983.88135522255,921239.1721131814,624692.8122850606,-0.1394440232780435,3.8079091278314934,0.012971444258197826,6.8082765012598365,8.999004546560913,-1.1887415170087312,-7.992782245831131,3.0736375411007586,-0.024190940835851753,-1.0060496837708017,-0.574511018035722,0.8544363096652481,-6.690616717689402,5.495327922309353,-5.905050460043185,1.4286381071615755,5.043545200102323,-4.3736146757930445
mature,81941.41023786759,350934.98658065026,712677.2331530872,1034403.9511812819,0.7989712873108968,3.3746014168102683,5.843979756387655,11.513570854808663,7.276024114871761,1.5914927991988945,-12.512716778422396,1.7179886414935037,1.0185944843600356,2.076025577287867,-0.45756211892982007,-0.2188910806925469,2.7791034979317577,7.122861641584817,-3.560013529680415,8.648869232655601,6.328585558106952,-0.26471809832969423
decay,72725.23023163584,663186.2375422635,1094434.4261082767,1341712.7839461372,-1.9958185043968184,2.8530563334081798,6.112461966616369,13.891049446716675,5.527395442799578,7.601958837160311,-13.263461422437903,1.7983131361818707,-0.28782530632367664,6.4130768579403075,0.2925299861751731,5.384783493562165,8.95207083733813,3.9807758912975695,-4.377627627613043,18.098888797556484,8.820817769710349,-5.596124724984606
