,Az,Ae,Kz,Ke,Cz,Ca,Ck,Ce,BAz,BAe,BKz,BKe,Gz,Ge,∂Az/∂t (finite diff.),∂Ae/∂t (finite diff.),∂Kz/∂t (finite diff.),∂Ke/∂t (finite diff.),RGz,RKz,RGe,RKe
incipient,42185.687441001486,184907.55328835227,800534.3482594921,199568.48378893384,-1.0486966500045338,0.3842214071023291,0.8640334804243825,1.9665332030322795,-0.127062115747691,1.4635120919838238,4.2182221811503275,4.4905493920591795,-0.1816367450905621,1.0432374710706414,-0.1640736294268776,1.418635749801905,-1.4158231300250916,6.212788980598267,-0.7014867565813914,-5.449382141595268,1.5374354537480324,0.6197398659311912
intensification,45206.297728469544,302441.51004886045,811976.0043414425,747628.8937099524,-1.350876104134559,0.7659356319832388,10.22482067382366,7.730789982248495,1.027994703867564,7.458378384745392,-8.993724377327782,13.925082952672497,-0.12879343716237077,3.8007659144975228,0.35638094677356236,4.972992025549741,4.120604724284877,15.124746812062753,-1.256554229245322,4.240384531923558,4.479467991069603,3.6936945509654215
mature,79491.70284495402,731022.5176943066,1295328.5268346693,1370906.5567421373,-4.617174251412797,3.1401212577280546,13.00604071769156,12.163089893256972,6.17152768485099,14.152443066720826,-23.26926210852382,18.914570467197233,-1.6849008636937344,1.5000923835026903,1.2048907087333565,10.752053729173872,7.901632971137308,6.49336076685143,-6.443689969802377,22.782028613382362,5.622579297981964,-11.578258875911215
decay,95032.73563598996,671577.9918516881,1299055.6941619518,1645039.995531141,-2.991362370635351,5.3244701415352385,17.168620858886747,23.972067090564966,12.382219214899667,-3.950608257968482,-28.437178230250144,-8.497102718108364,-1.139012374395311,10.439717236744274,-0.014927360165676242,-3.3047321076897624,-0.6025949179428044,-5.1235050564097815,-10.064038804165458,13.657324824055946,19.29347309930845,-3.4298485699796393
