,Az,Ae,Kz,Ke,Cz,Ca,Ck,Ce,BAz,BAe,BKz,BKe,Gz,Ge,∂Az/∂t (finite diff.),∂Ae/∂t (finite diff.),∂Kz/∂t (finite diff.),∂Ke/∂t (finite diff.),RGz,RKz,RGe,RKe
incipient,548329.1059908312,146698.88426281774,3882485.4465037603,416529.51063524396,-3.031745562862882,0.47419949909604037,-0.6808654358767426,4.143747718936585,4.131781498006819,0.7623687305555985,43.49600962841203,9.00912910392487,-2.3833502274572993,3.3859060792585924,2.4809015421650855,1.283227227327477,17.08683284905061,8.7139816875016,-4.2084260196085745,-22.696565780621807,4.190406716612423,-5.119760571236599
intensification,523212.3800530375,215221.18521047558,4511649.378276792,578637.1810810557,-0.5084468462768825,1.6903165743633297,0.8250387058032738,5.498755431720509,4.949151837566581,-0.9369394583328832,44.50799476050645,0.664712346562777,-2.5872922349763474,1.445373978632573,-2.6596617897519415,0.1689506782355541,2.7106266227216937,0.7449769837861204,-6.426943899232075,-42.11395999731115,4.914328993925617,-4.593452088693892
mature,349052.25721710635,296288.471064538,4763737.638236483,584956.9910353204,-5.104428984161205,0.11058438119489404,13.050802277944294,13.202635723480007,7.288906331629747,12.029770723011117,-9.911190717106303,-6.877507704645516,-6.631958688727342,6.988606357616334,1.7810642847972655,8.796698482072387,20.42735589909025,-0.741339440964314,-10.50168664979879,22.39217332241346,9.85897910134638,5.984334818145494
decay,856062.9627095071,368231.53873276256,5241390.257122104,431304.6484650001,11.33541882499885,4.086993776472547,-2.257953317109156,8.842160813821879,25.871055682381904,-8.532030764238801,-38.470355187358436,-7.322021521925536,2.407879893406302,2.2908735050647153,3.475151140948763,-2.6919938474143357,1.0769645992938923,-2.7045412473652375,-6.9734919399617485,30.469854278762632,10.5952039541738,-6.482633856370735
