,Az,Ae,Kz,Ke,Cz,Ca,Ck,Ce,BAz,BAe,BKz,BKe,Gz,Ge,∂Az/∂t (finite diff.),∂Ae/∂t (finite diff.),∂Kz/∂t (finite diff.),∂Ke/∂t (finite diff.),RGz,RKz,RGe,RKe
incipient,869790.9548150216,214283.38920028027,3752482.6018088968,955601.4527126187,-4.826427119831128,3.9891102067693875,4.003732833010085,13.898014790174868,14.713130290919592,-5.226459634416744,50.30459554066721,31.979104539440584,-6.238088138636449,6.866385488944118,4.799468279612973,1.735534635833362,16.829458441951967,22.69018153769791,-10.75097892436836,-32.6524428118942,16.870898853655586,-19.18320495890745
intensification,1042896.979983124,298180.9557390276,5760259.018348498,488877.362600513,-4.9659815411366575,-0.24766894509192022,1.7611762141647607,3.7703127262340566,-5.86263024477838,5.166379143265229,134.02192437218554,-13.82985862920123,-4.287584451204413,0.7371402734413262,-2.916248740354432,0.21128120533264738,22.775042440132577,-9.338522250824434,-2.26726898180463,-108.04207660508109,-0.9371162666066049,2.482199866307494
mature,689146.4520459126,215529.68603636793,6508443.1592293205,260478.41768604703,4.761604119120204,-0.09226192941328747,-0.608274751735098,-0.44966593693451706,6.082234150987854,0.11848462165747789,64.31952640177428,4.0852250605804885,-1.035326671620339,-0.4152325906590875,0.26293750299477386,-1.732900894825896,-12.39810529620709,2.236174984701827,-1.1499544582861647,-80.87096106536647,-2.2087895240046036,-2.007658890679242
decay,1033793.1631870564,155777.0396074941,6083216.602612535,284742.08037511527,8.793649365002349,1.9239640002135932,-2.577450025229285,4.284429516817118,19.933964718343027,-2.0482383866313123,2.93290774900031,-1.4448091494836668,-0.6889193521046636,1.5004552835463434,7.425610985579022,0.15687534276268417,1.3583078528832084,0.5297180353233841,-1.7907403675480666,-7.790799235890168,4.565579245997522,-4.8873523572393545
