,Az,Ae,Kz,Ke,Cz,Ca,Ck,Ce,BAz,BAe,BKz,BKe,Gz,Ge,∂Az/∂t (finite diff.),∂Ae/∂t (finite diff.),∂Kz/∂t (finite diff.),∂Ke/∂t (finite diff.),RGz,RKz,RGe,RKe
incipient,51963.42993525113,234662.15866564776,1630215.8704349196,613584.3517986555,-1.0760877891065443,3.975863443766446,-4.577689131631931,14.073497232925462,9.73867259418022,-5.574663242938915,-9.211416340832232,-0.3735520013791344,-0.2564152660804798,9.402547057684421,0.039004260654374935,0.7260191647078408,12.874783761107158,-4.932891892261909,-6.799892678865944,27.739977022677863,16.398316196805776,-23.21052625544017
intensification,88424.0874357826,366629.4443867766,2655070.8063576287,454631.87458492885,-0.14401053621493337,4.62644306587894,-3.9256353765547987,0.1624564096489809,12.870930481040872,-7.081346155356222,-8.064525315084166,5.620652636599269,-0.5345204408200246,-1.3344453961756253,0.7538037752418649,4.901047877478617,14.997806834162953,0.2655225078909388,-7.634694176135002,27.13197806201685,7.5184073766048805,-9.44322191491211
mature,107665.39265631705,746794.8147977501,3410790.054936854,590850.3464846817,0.8430678935758573,10.781492589553267,-4.047117934499199,5.683196883351212,29.145343611003128,-12.678500045561014,-35.56878270832713,15.952559971402797,0.2622798528847604,-3.9951001696506148,-0.5384885659950094,2.6172372853348285,11.393535288970746,3.843286802063792,-18.05927169386901,50.166368038221215,10.19744162469379,-21.839587987189418
decay,87906.92963549157,580533.3011265446,2734379.7230492844,1190379.3528940957,0.6184493610027874,4.992518758537126,-20.413573596194773,4.005002056249312,13.426588081754932,-9.778891586691133,-18.480520823716006,-7.728591134942787,-0.11049238883914783,-1.916684997676219,-0.46524356996501826,-3.4446518091213925,-9.199495111210897,2.662952914349205,-8.280863532180039,29.076149947697093,5.3467230752819255,-14.027031603152087
