,Az,Ae,Kz,Ke,Cz,Ca,Ck,Ce,BAz,BAe,BKz,BKe,Gz,Ge,∂Az/∂t (finite diff.),∂Ae/∂t (finite diff.),∂Kz/∂t (finite diff.),∂Ke/∂t (finite diff.),RGz,RKz,RGe,RKe
incipient,867963.9944395984,286906.3032812803,2239864.6150873257,814725.8397464151,-0.498979921018303,0.8388024834079604,-8.005797242823885,3.095598952432699,5.049113823739051,0.2706245616588199,-8.655535957032843,-13.065190286879215,-3.1134772405847375,-0.37781479059394235,-0.852102978288889,-0.6017434419063499,-5.450661134795864,-1.7001516761271558,-5.561394239638283,11.709651986079166,1.3844284654595684,0.2636424154954762
intensification,790785.889795806,421610.3118049825,2248740.8128466224,730348.4952051144,-2.3413944293525546,0.9776228936572323,-0.6242884541580341,8.907916267985529,6.107997003118312,3.54838864748245,-0.5129455844154878,-13.462324021488035,-3.6578116693452456,2.3604165753256927,1.2065538377998375,0.7949637069593971,3.704817512718904,-2.6898850846358093,-6.265214701013797,7.183445980644981,5.176868433805245,1.2402342147086602
mature,1055040.2951527196,289228.7262577337,2605444.356377998,493864.6117508438,-1.7635172731957818,1.537223535628045,0.3435165488123101,7.543024791432907,6.057445234049794,-4.3308760304301686,1.1907051232799086,3.3924973010661805,-1.722651094408675,4.517852842939955,3.459034691818309,-2.7581240404195855,0.14220647225678673,-0.908589503875469,-2.8247042797992217,0.37150207336034946,7.578553245815443,-11.500595047562246
decay,592151.9587654455,259052.87514147483,1925313.6660019765,419310.84974719246,-1.4323927045297344,1.344444638794809,2.758131812618697,5.769783874005638,-1.063661747719363,0.4900049084569018,0.3115077665686374,-0.5171562513437346,-1.5549784712762782,2.6753199575332047,-4.309337658616688,0.45105092921864554,-4.504493561074656,0.39568014082970454,-3.3336239766322504,-6.141740435732256,4.386385255972574,-2.0988156692135025
