,Az,Ae,Kz,Ke,Cz,Ca,Ck,Ce,BAz,BAe,BKz,BKe,Gz,Ge,∂Az/∂t (finite diff.),∂Ae/∂t (finite diff.),∂Kz/∂t (finite diff.),∂Ke/∂t (finite diff.),RGz,RKz,RGe,RKe
incipient,187760.62978912372,182093.24182988476,2088968.0532786176,498323.58729856164,-0.8854749309679828,0.768696653420662,4.587577186690176,1.4346760429275407,0.1979993744217328,0.8209714419182539,4.319260135137826,4.78692392682179,0.09596248652035795,-0.30368584543764227,0.13238105894996774,1.2918892961793924,7.836900506060299,8.55388780198347,-0.18239659301908587,-0.1844618847997196,1.1368972437680172,6.919865018924315
intensification,278378.707580196,493305.9712773351,2899165.3785728374,994629.7975920036,2.616065980497391,1.4792975840712237,19.28070866431965,10.231890001239778,11.4792805360006,7.329130475483351,-9.396007258085904,3.4060629781670895,-1.0992533998148704,1.8281949230469112,2.235383920133237,2.770213398697168,12.060554154575561,1.5509429968692725,-5.14853305129875,-0.4402132321555727,4.193675340382373,7.1936986817820525
mature,599283.3408928581,538850.234162101,3937789.345195066,826930.5440287492,10.978480663184165,3.8600345279343915,-1.4108382109267399,8.74733895489345,24.89354693270498,-5.6515623762087195,-31.30390341604633,-3.6833553260766685,1.3261514286966358,0.3652352046090691,3.444017925897028,-3.6098790906736693,-4.8215253850922295,-1.4690834137075863,-6.611013815689396,16.91473557869668,6.928987712494109,-7.943905253451108
decay,659932.9873101867,303270.2743843343,3131400.732178135,538416.0380631721,9.186325322693985,-0.02395773403001986,-8.30524035901053,2.683807191594419,7.514131953505922,-1.3161443299709459,-24.179825074706976,-11.351743193077754,2.8129818417862484,0.9914553839332737,0.0014134687923942945,-2.092730539112184,-7.847056853039596,-3.511802017399344,1.6496491039504362,15.451683257983927,1.9311787164832,-3.1491063749265393
