,Az,Ae,Kz,Ke,Cz,Ca,Ck,Ce,BAz,BAe,BKz,BKe,Gz,Ge,∂Az/∂t (finite diff.),∂Ae/∂t (finite diff.),∂Kz/∂t (finite diff.),∂Ke/∂t (finite diff.),RGz,RKz,RGe,RKe
incipient,1657048.4901903784,243528.75480550015,3244322.4041719805,420933.17286717443,-0.361316746847729,0.8480345198973058,-8.12898075415791,1.5760199713453023,11.959568828918256,-1.564153567542981,8.919660921140396,-0.9728638483004745,-6.786931315031679,0.5325838986158815,5.542340178974572,-1.260129165073825,-2.6312831900267146,2.359199259201891,-5.9305108768941075,-3.060646610161473,1.0320098539171523,-6.372937618000846
intensification,1303206.3054443388,284773.6905330755,2925113.701574244,659873.153404885,-1.2142666182379298,1.635082679160529,-7.1487802272388565,9.143618451394516,11.021994681699658,-0.5977546518984639,10.230373440570933,-4.287760289365104,-8.294655212334716,3.908012363600441,-1.9198533210796342,-0.14925267067004433,1.5460064848333472,-0.385440913989724,-12.521031941856691,-0.32132011026079776,7.957037753462405,-12.390079303257993
mature,1632782.7130913995,125376.13253942189,3868510.4674758166,306841.2188325853,-0.33574658922535133,0.6047319574597599,-1.1810782909684012,1.650407239932317,8.77948148549768,-0.637356564720739,10.645475252777237,1.3901216742337812,-0.5455058652360486,0.3290884737942621,7.035118328682917,-0.8401103637636972,8.074379357068407,-1.3393847177631566,-1.475377788580355,-1.054271015515077,0.8429214834295988,-5.560991922897656
decay,1349664.6637153495,172348.90347085314,3070423.1891994225,411300.0321868009,0.6767485643935438,1.087776900835419,-1.7081548407236584,3.723919201564976,4.74995691910628,-0.487942850112775,-2.9809960078506723,0.5001508733724628,-3.8579463655951294,1.2541616970190224,-3.352691888788793,0.3135165253802124,-4.953967985056341,0.924723855365644,-6.33812334266611,-0.9415657008755548,3.437601676222544,-5.007501060295453
