,Az,Ae,Kz,Ke,Cz,Ca,Ck,Ce,BAz,BAe,BKz,BKe,Gz,Ge,∂Az/∂t (finite diff.),∂Ae/∂t (finite diff.),∂Kz/∂t (finite diff.),∂Ke/∂t (finite diff.),RGz,RKz,RGe,RKe
incipient,1002477.3226310965,163035.5841356943,2290870.3061233195,336652.2365414725,1.7632292656867403,1.6403147018301203,-1.3510525428700866,8.82331650434255,13.31004243940945,-1.7040798153717727,-22.94095636204865,-1.9554157230471876,-0.7607846331526572,3.8824595209129598,6.4960288161420126,-0.12300870500316648,-5.422826589181061,0.583762818583843,-3.410469655750577,17.105953050050932,8.764072912881037,-7.635190505581607
intensification,715630.5878979292,183967.82537061136,1351588.593189839,458753.7418630934,8.501866346765327,0.8380731824179782,-9.453260835315806,3.694774980720678,1.706806913555318,-0.010000235955566877,-2.905687723126618,-9.98365358602751,2.9939126936785683,1.1254550757850141,-6.436338515751686,-0.3972385198604314,-12.941051583084082,-1.158932111472838,1.1967940998763025,-9.083969371406992,2.469463514397835,-4.323314341481811
mature,293249.22956188896,118251.9574495058,623391.7920362079,184114.30650928096,4.741084676467531,-0.32534298182531757,-0.08270323988581467,-0.15654833307507934,0.4403550613827701,1.2597457662807272,0.6388535556518051,-0.5268874480771816,1.7549013623398138,0.012184299506141465,-2.6734681724401756,0.3019165667650448,-1.3272591351055707,-1.9919965995166546,1.3019184608192678,-6.624494127339092,-0.789034550765444,-1.3912640582502087
decay,211114.32640436135,111670.44269371105,550731.0203636547,263885.79509245546,1.5440268771198393,-0.41558144092651644,0.4449210350768419,-1.4228660510170241,-1.1344061163218442,-0.056903019573028076,1.6973502368725022,2.8657173506294344,1.7261863681592249,-0.5158901322093674,0.12945637316969283,-0.01741227989596765,1.3662584622454772,1.2180113214268948,2.39230792568486,-2.320039686823706,-0.9677938704134477,0.220081056891326
