,Az,Ae,Kz,Ke,Cz,Ca,Ck,Ce,BAz,BAe,BKz,BKe,Gz,Ge,∂Az/∂t (finite diff.),∂Ae/∂t (finite diff.),∂Kz/∂t (finite diff.),∂Ke/∂t (finite diff.),RGz,RKz,RGe,RKe
incipient,803224.2124496639,126267.32762672509,1300898.818496503,769058.9119944222,4.200664584007666,0.32019499739976925,-8.42397691895541,-1.2084952439603438,-1.577758208434238,0.4261427145376934,-10.847782230484805,10.79968431403492,-0.7485252157051462,-1.312954084715342,-8.141908905329904,0.8904618501792817,-7.954043814965296,12.243506646519194,-2.043291115488231,7.117050750467253,-1.0643711057185248,-5.771659342510791
intensification,434930.94036259066,201194.5783726268,971479.7008445583,1346904.786574822,0.6287377395031956,-0.7539180607366041,-23.42526350169933,-1.1821838991094495,-5.3285813698260736,1.3853783321225692,22.617923617982843,-18.305876462350536,0.5963436657214437,-0.034698255139835196,-3.599413573515001,0.7352617388792326,-1.9850778364024593,2.3859749047494883,1.6039874750776648,-1.806475692189164,-1.0783824316161819,-1.5512282354898557
mature,264066.1846840284,215252.63251512987,982672.0812081809,988414.2184993795,-2.090703029918616,0.2259037737292811,-12.88484662484393,2.283299647878408,-1.4730776903048732,1.1660573046148002,27.01560032168469,-24.4954038412234,-0.561426322760965,-0.3868924650266447,-0.5166026852907633,-0.9934665905493842,1.703701380974778,-8.802055487373645,-0.908324251175225,-10.336349285947367,-0.10212802101505744,0.5252020811274178
decay,411519.26060768025,135046.51518387574,1183373.9328402716,405338.9248424829,-4.168355143037189,0.7080681008739603,1.1861724443562665,2.665648520339719,-0.3542364101678959,0.06134070193353633,4.039191422151002,-1.026674448148708,-0.9848192241675996,0.2841568234355631,1.1149698807465669,-0.25315415380221995,1.9842136347517012,-1.8347372532974644,-1.9910807512487654,0.9272049112816232,1.6430855637300021,-2.287538881132209
