,Az,Ae,Kz,Ke,Cz,Ca,Ck,Ce,BAz,BAe,BKz,BKe,Gz,Ge,∂Az/∂t (finite diff.),∂Ae/∂t (finite diff.),∂Kz/∂t (finite diff.),∂Ke/∂t (finite diff.),RGz,RKz,RGe,RKe
incipient,608806.3461943112,215956.92205833926,3927737.174126399,326110.0277151054,-0.8270184837908676,1.5933837238743245,-3.55148088243495,3.1558716342522435,5.974830421308071,-1.2063565903180355,-19.687069349813708,0.8962446536368178,-1.627914723030127,0.4083742927957226,1.736593005732434,0.3149281793167344,-5.609480754448928,0.6055480512510978,-3.4718721754921806,18.4560879615906,3.083772680012688,-6.998049119072914
intensification,599754.9926364446,299500.07742276904,2309915.7290243115,545853.2697923443,-0.9308151810770517,0.2237189492109315,-4.355895894702694,0.6637950034826905,-1.3342989762604727,2.08224533284292,-20.113858772138727,-0.9366330738119623,-1.4256582081497748,-0.940668644433697,-1.4354156966842762,0.518937308385229,-10.30836206672415,1.2713313918446736,-0.8082129522899243,15.092207781194325,-1.1232319701859321,-2.811726432528749
mature,327690.8005792674,282853.9177329357,1112213.3291638098,563693.7091914507,-1.818217992779082,2.4230426392261952,2.3305175762555552,6.5912483624971046,2.58813113578836,-1.587252819394782,-11.759543489653288,2.7473120916163194,0.6543517679087607,0.9240148325355956,-0.15717536314870229,-1.5802202698857517,-1.228396157566327,-3.2873069095792573,-2.1404818524899496,10.01884774861049,4.17523827277994,-10.295349787437127
decay,331028.65199834923,276882.17938491673,1441239.89041736,470014.1504916023,-3.5621704030916352,1.7917432292165978,2.4507388369782577,7.938509407449954,2.867279458072405,1.2124815918971763,8.39691069325316,-0.6749515130312342,-1.0180367103058636,3.275070897802581,1.0317587042784935,0.6952807897735873,8.970349281203882,0.6246292150190157,-3.6059479276689475,1.6848701540641018,5.629565376109767,-4.188189842421447
