,Az,Ae,Kz,Ke,Cz,Ca,Ck,Ce,BAz,BAe,BKz,BKe,Gz,Ge,∂Az/∂t (finite diff.),∂Ae/∂t (finite diff.),∂Kz/∂t (finite diff.),∂Ke/∂t (finite diff.),RGz,RKz,RGe,RKe
incipient,485879.43897587684,245881.75560600683,1364505.7622110725,338116.2770553211,1.4350515729043265,1.7086720398329112,-3.181516971073789,5.280737416296952,1.9668843371648848,-1.0592766059600802,5.2776049059626935,2.4783499813640617,1.519803808986995,2.6358973008202167,-2.1166357143417556,-0.13201292417596652,-2.615969009115275,-0.3798170642808467,-0.9397964387694026,-6.147108516908506,4.499329058248154,-11.320421433015651
intensification,404741.13792811125,287479.7105294765,1452086.2520394137,891181.4475980789,-3.4540421180313143,2.3288242119695184,3.7362007730319475,13.688383767677868,6.140010275749973,0.2481417264125164,-2.559455941875836,3.1807126276083078,-2.379533096072595,7.53115769454638,0.2991128253063209,0.8223223825566212,1.8496023163800168,7.945956971598599,-6.9661153565054486,4.126899603255219,11.933740211852454,-5.1869386506556285
mature,512340.4035370115,281821.3958001736,1189472.7675588932,989570.2205363681,7.561042099375882,2.688847354085501,-3.1311219770754533,10.222134005665692,10.368694712318657,-3.1064357736225108,-1.0468169067404136,-23.543141094215986,2.742206142541594,5.905278947561069,-0.8546209801429164,-1.2659957008499931,-10.33457941389004,-10.18080248508088,-0.9734262390001908,-13.717682629450055,9.373726724352709,0.009082626393964796
decay,265957.2532088598,127871.1485921157,651557.0181876104,252131.75292165726,2.2054662138141077,0.2823295378897821,0.3044932531903427,1.5318516653561731,0.39587928152255497,-0.440473183095065,-2.505763461411115,-2.068025482429595,1.4395541908799696,0.7071072805851469,-1.1461468069079517,-0.6701127420450302,-2.027839675299729,-2.0040586145559565,0.9457696632733832,-2.032035680893064,1.019882568516426,-1.1633915442921925
