,Az,Ae,Kz,Ke,Cz,Ca,Ck,Ce,BAz,BAe,BKz,BKe,Gz,Ge,∂Az/∂t (finite diff.),∂Ae/∂t (finite diff.),∂Kz/∂t (finite diff.),∂Ke/∂t (finite diff.),RGz,RKz,RGe,RKe
incipient,185555.5906608335,181088.29990943806,3674776.631942307,308930.2074200943,0.3016501420928268,1.7958348566984257,-7.959693899310297,5.413344165634079,3.1224076104501295,-4.689166112021266,-23.590964262011674,-7.962478566984858,-0.11370998385232851,0.1891444717584411,-2.5975496717236894,-5.075706924112996,-8.741221836090467,-2.4669192073758275,-3.622472283382567,22.50778618313868,3.2309684968439236,-7.877478705335344
intensification,125850.23679739737,525295.4015046383,3493914.3073788774,715917.2360300316,-0.28095736382822156,2.04880933275513,-4.787786484213712,9.855008975292323,4.267637759959071,13.609316265152358,-27.860839793541615,-1.7445518900377757,0.08477251153341252,3.0489300793438594,-0.7973322491018356,10.75636003006908,-0.3600201347080776,8.842369930392072,-3.2971180401339972,32.569563506875475,4.953243407453912,-4.055873639076184
mature,47859.44068034233,1629983.4674617792,3366848.606957366,1719280.4930604976,-0.39316286610710366,5.734592277036024,-2.964293667630507,20.612643415999862,13.827636699270448,-3.0864657116591037,-76.57463038935813,20.477960023406006,0.11846304491532504,8.036657208063517,-0.08800173311484752,-0.9781404898131555,-3.68962507964509,8.809797793842044,-8.574209021456378,76.24246184345067,16.98637636080979,-35.24509931319433
decay,313965.1057304648,984326.359559106,3685915.946344423,1189840.9555620386,-1.362418674374839,7.884349379061619,-25.11705652989821,8.157129680365296,18.1572708349771,-19.761530897397634,-33.215763893878254,-29.472477564529456,-0.1609225457794125,2.6253996864200277,0.5828071480980421,-3.5697951629376843,-1.4469731506933177,-4.169767444707616,-11.052532982192275,58.24826594745797,16.464516035763626,-7.971476090441661
