,Az,Ae,Kz,Ke,Cz,Ca,Ck,Ce,BAz,BAe,BKz,BKe,Gz,Ge,∂Az/∂t (finite diff.),∂Ae/∂t (finite diff.),∂Kz/∂t (finite diff.),∂Ke/∂t (finite diff.),RGz,RKz,RGe,RKe
incipient,360803.4367685859,327554.9248763553,2322447.9105574517,602034.4226865147,-0.4517718668036217,1.1277728135458762,0.9505945502239121,5.064420940911902,6.32453500001807,1.9019664923530482,3.0077101781367883,-8.621683129649906,-0.06896487872217638,2.5884043574559024,3.159536014512316,2.2355667795574132,4.533012811432648,-8.709676051243468,-2.4889980387635,1.026479949875568,4.270248414570391,-4.201819312281554
intensification,501425.7013467824,539163.0056999566,1493380.1349630915,649774.9776529577,5.200000797358932,2.0899668719292994,2.1389452711566226,4.89805770246778,6.29319630719419,-1.4030765321746492,-9.9644974190468,8.09604747113052,1.661438454459749,2.416351978654805,-2.256370692490419,0.6356811237241653,-8.233153853377827,5.267076109750336,-1.259599330396377,-5.607602502846582,4.8468484864372945,-5.588083792691342
mature,112583.28640404223,475313.586627452,922625.3364019452,1349062.2180376374,-1.2873173287738475,1.0042957105423873,14.324784902883724,12.574353839381443,0.04576274475598872,1.1403731709488554,-11.097551617666328,6.269980590495111,0.1764679125095266,6.572498752050774,-1.041265294352752,-2.421063759886237,2.366501178561919,4.512309572632703,-1.3700496573402006,0.4265852221183716,8.008621198003963,-0.00723995436012963
decay,143479.27157451448,279543.2992985891,1589720.3862750456,1165658.0830270138,-0.6379018831675234,1.250182707575873,13.150949279402846,9.223755296328926,4.249593207478196,-1.5939846908778261,-4.2530216297265255,-3.5703250667092408,0.013981596295264742,5.289330517655332,1.8868525364641497,-2.0092814516682975,10.844707745594567,-7.249488670086964,-1.7504598466056975,2.5846819790857727,7.558275827962583,0.24803037969619368
