,Az,Ae,Kz,Ke,Cz,Ca,Ck,Ce,BAz,BAe,BKz,BKe,Gz,Ge,∂Az/∂t (finite diff.),∂Ae/∂t (finite diff.),∂Kz/∂t (finite diff.),∂Ke/∂t (finite diff.),RGz,RKz,RGe,RKe
incipient,1270736.4287961198,189234.66181262213,2783092.856225655,635337.961219048,-5.1287372899244605,1.6303801428664444,-2.5747201635674415,4.739250827679106,1.2293836547725445,-1.0219762455963644,7.89960080830184,1.336928693065052,-4.215157121700053,2.4710231391133384,-0.8065961388297338,-0.5761120510785424,-5.253085938473792,-0.37467095904150827,-5.534336940660295,-5.449229293283728,3.5547348793304834,-9.02557064335311
intensification,929594.0044277807,218458.7233403371,1943723.24292144,603386.0411679448,-0.4521589018712366,0.879630136033583,-1.6501841542087339,2.853298636504945,3.78361503910746,0.11738106312065072,2.9464100246378373,2.9567091154060567,-1.848836689645372,0.9520344257035954,0.12469194539868546,0.6260444032199124,-1.4870060430608036,-0.41497555292862337,-3.231451859546427,-2.331073011618671,2.4823318405706236,-7.87516745904836
mature,1298661.850178611,444620.32460176747,1654181.3640660173,536425.2048082056,1.3569773013869912,1.0404877808158903,1.9170471292098767,2.289370198040467,4.2256599785372675,0.5576344300687543,5.979971229894328,9.160562250233783,-2.8370040897179,1.245739762806207,-2.2206262604708327,1.7241292510096908,-3.7352216564113205,4.0198637479613195,-4.04882115680522,-12.989217316902515,2.4153772381655134,-5.513021571103053
decay,668394.6956031723,336169.7103911839,1912565.3389830953,917135.1173218732,-1.847012332712427,1.1352181041465776,6.7241928764403065,7.509939000389008,3.7759639096520767,-0.29135656528976184,8.09207481777779,1.7147194203238394,-3.136865335824283,3.168050539659457,-0.5492706957826706,-1.5853924439971236,4.17463510684075,-0.8473776627264723,-5.037028834000598,-8.794620254664919,5.080685017535068,-3.3478432069990136
