,Az,Ae,Kz,Ke,Cz,Ca,Ck,Ce,BAz,BAe,BKz,BKe,Gz,Ge,∂Az/∂t (finite diff.),∂Ae/∂t (finite diff.),∂Kz/∂t (finite diff.),∂Ke/∂t (finite diff.),RGz,RKz,RGe,RKe
incipient,177961.96661764642,197331.9651652012,2718486.0737436465,422675.22334905807,0.7033573477026085,-0.6550465332378664,3.1722845172503917,0.5095532533924825,-0.8936057995425036,4.618287717758444,16.272768864888892,-2.139292151725846,0.3749264496989844,-0.6437141518818712,0.29736126374691124,2.117660366541939,4.7453473958255366,0.5813516672617338,1.239277877754157,-15.403063334016357,-1.3360275645861552,5.38337508284549
intensification,196452.35612002897,744970.0184066034,3112958.1236145236,767536.4640767447,-0.31513047969901314,1.6388351684211255,5.209288516908378,9.799982971232728,4.192586476354392,12.390952960552795,-0.7776228820311477,-5.169239008765976,0.37098296681561016,-0.41849645684337783,0.1591815711695159,6.4799934209385475,3.5084845099159705,2.1209244724044503,-2.709700216462764,-0.6080506452622464,2.250188263197356,2.6994690268460744
mature,218340.94716420682,1067670.3129703593,3297375.999936008,565204.040230077,1.2565072828247796,3.717663791916796,0.41453457126908233,22.073085863255358,11.305130922422073,2.459281742182429,6.471646767896413,-12.672206792311247,1.211940153349977,10.99504357073201,0.964940875488264,0.2611000717708386,6.153812371197791,-6.13832933268351,-5.366018972192234,-1.988876250792484,16.15724040092697,-15.124673832358535
decay,287435.48710630735,1154591.3779276386,3235616.9435116844,833319.7810245042,-2.3054895612610053,3.7429305014658474,-9.994070179942327,9.347084701207388,8.045400484177716,-0.770462216308224,0.006310891396591601,13.127204763492012,-0.6701860857297275,4.318123675759705,-0.5962720773360304,3.016455541708686,-11.059635856776405,8.80157459449043,-7.204231621308904,1.2336129930303348,9.391071957758449,-23.666785050151294
