,Az,Ae,Kz,Ke,Cz,Ca,Ck,Ce,BAz,BAe,BKz,BKe,Gz,Ge,∂Az/∂t (finite diff.),∂Ae/∂t (finite diff.),∂Kz/∂t (finite diff.),∂Ke/∂t (finite diff.),RGz,RKz,RGe,RKe
incipient,14451.602996573345,568902.6676121396,1657798.9422135314,289213.37380075786,-0.5617479907836965,-0.18617045171539912,-1.8481453284838583,-1.5116600472705468,-1.3414668134614782,0.9464922066556843,22.18977109599636,-2.047944286680304,-0.05952755803459517,-0.22046130495192862,0.008105302152964197,1.4389204241099416,19.551563490757236,-1.4417704711511377,0.6016536731153469,-0.22831428597156433,-0.8330613781008903,0.26968853431585504
intensification,66006.5853176325,621621.0656833026,3440464.571859011,389677.4851611812,-0.7599318263169519,0.6344506768588776,-5.288830561367884,-2.1182089005718754,1.1752944776494192,-2.9722921778622733,51.25939488647048,2.475380988489779,-0.2767742597934212,-1.5054464140158765,0.2949742378981055,-0.7102364611897779,11.85374430651017,2.4333079436649703,-1.0058013892093876,-33.35688819227547,-0.49060386075825757,-3.2126947056208173
mature,57201.58024597092,238490.47186099575,3860057.1031836853,495533.2758575783,-0.751434197749334,2.560399247618163,-3.7407196136018834,6.848150806861814,6.336365213601157,-7.452822462238866,5.833198844979572,-3.5514788933641825,-0.13257147273798905,0.4851171994876867,0.19297850397268734,-7.02769327345212,8.454578969928173,-6.391940602385245,-4.334421659759641,7.113533936299819,4.712880748030399,-13.42933212948476
decay,154638.23949398406,213230.87597740328,3392727.009310328,467006.4911877384,1.0969969923976381,2.114245549977524,-1.5873567665501207,5.778125670156215,6.699653022917502,-0.9279276450034605,-2.422629194825295,-0.6503811055675033,0.03677571852178532,1.6802954946488975,0.10191298079383393,0.5594676555741411,-5.1894863088851855,0.5558001739440459,-3.386497499748505,-2.2764973399074067,5.151275420756295,-6.159301157194785
