,Az,Ae,Kz,Ke,Cz,Ca,Ck,Ce,BAz,BAe,BKz,BKe,Gz,Ge,∂Az/∂t (finite diff.),∂Ae/∂t (finite diff.),∂Kz/∂t (finite diff.),∂Ke/∂t (finite diff.),RGz,RKz,RGe,RKe
incipient,257879.75705692195,88341.88245024963,2728486.760477455,181341.38006765116,-0.062357849419093316,0.6184335075588222,-2.361355601241079,2.1969779058822216,0.9075698346276676,0.07712660530999861,-14.107917863729819,-2.0795755977792925,-0.630956424804349,-0.12012747393767433,-1.3963718143298742,-0.6101713246671244,-9.436997884857048,0.4529240224442881,-1.7478659908178134,7.094633429532944,0.8912464683462767,-2.02583388689972
intensification,198025.6394842672,422695.48506566585,2584002.4940226846,952664.8687234749,-1.6758522265466442,4.60557038715148,-5.080009489171915,16.106668548996,12.720086366888152,4.155058645880455,-19.00045302949427,3.328546193717402,-0.9381110191934617,4.397253940589127,0.409171037329176,5.34189407285194,6.070604815755741,11.152339127032514,-9.38119716895414,31.826919560968566,12.687933588816009,-13.362885104852802
mature,605460.7183092312,589536.3200363914,3655163.857778643,1175004.6201898188,6.308866432657662,10.273044393906932,-14.723924329915112,14.97957135732103,37.42187960039342,-24.907545310606142,-33.1432988226786,-42.567202673751616,-1.2818014493296335,4.662787425514802,9.213595707636545,-5.310713535595339,2.4270905791172175,-13.527018584216536,-11.626373066192283,43.98544729905326,24.303358738424897,-0.6633115977010563
decay,242872.5251721386,324688.65445377736,1722292.0452553884,380195.2044659594,0.05827881975430215,1.7374860643591452,-5.222501634212759,4.02027635976073,3.139224132010172,-1.7363131786737394,-3.8075852706228597,-5.7534294145203715,-0.2529660394780341,1.3413601472767211,-2.6313498664747783,-0.547359460419814,-6.254052521297588,-0.6251015303686345,-3.9748091143715034,2.717755563783729,3.471744013655509,-4.114450109821752
