,Az,Ae,Kz,Ke,Cz,Ca,Ck,Ce,BAz,BAe,BKz,BKe,Gz,Ge,∂Az/∂t (finite diff.),∂Ae/∂t (finite diff.),∂Kz/∂t (finite diff.),∂Ke/∂t (finite diff.),RGz,RKz,RGe,RKe
incipient,34394.50471521899,102751.61641920771,1010333.1771553681,266641.0855797064,0.3972495250250163,0.10046120459327766,-2.543341731305889,0.11580965108906623,0.007247536041038542,1.0878993147191325,-8.623010770812714,-4.5916624459581135,-0.05052614642769843,-0.3611768022642634,-0.693053955844919,1.1501563088962723,-8.647215524306276,-1.2668862093601483,-0.20259076226766334,2.1218874527873117,0.0776054406729285,0.6656248542030102
intensification,17387.603950788663,247864.01587769107,858524.3136893976,585880.3082933448,-0.2406131828410035,0.6157661766310543,-2.513800100992453,1.2356278851985125,1.3001832691749784,0.09868636470265502,7.030484377894988,5.695441675233856,-0.018309699892760174,-0.22431933214678185,0.06920137233766972,0.40862797100275866,-0.7453087890026665,4.834689654800942,-0.8558289030472582,-5.021379883064197,0.9298033148675617,-4.610180006623878
mature,35466.727466251374,144585.33312278078,903979.022337104,971667.9696753316,-0.2471701692193363,1.3599889489025103,14.054707962638016,4.851149950239108,3.3216645118274277,0.17178990582196701,-4.852905506924117,11.150052930274718,0.028315773103614623,-0.20202996510146556,0.12179880855338343,-1.3578212243845982,6.7271287437565,-4.0284803830963405,-2.0870469235908713,-2.227503542738064,1.961549871130034,-5.974975300972149
decay,49067.975269258786,119977.78825270622,1221697.3769887835,478464.05766884686,0.07555102522860534,0.227893753396276,-0.9804047138664735,2.9879245048451595,0.5144786443774372,2.2331676602146904,0.04657686825686965,-2.3235368196685044,0.1899099607055831,0.9522402570315285,0.005827201978600968,0.864795170859865,-0.2561250888852788,-1.3081798117276837,-0.20520666377395488,0.6021517314957191,1.391658262094058,-2.952972210770811
