,Az,Ae,Kz,Ke,Cz,Ca,Ck,Ce,BAz,BAe,BKz,BKe,Gz,Ge,∂Az/∂t (finite diff.),∂Ae/∂t (finite diff.),∂Kz/∂t (finite diff.),∂Ke/∂t (finite diff.),RGz,RKz,RGe,RKe
incipient,75820.78555376109,890680.2003514001,697520.7309960721,410382.8369721738,-0.3906131991768388,3.469258539547397,0.8237113357187724,1.3722668336026358,8.00304467916057,0.6166264834143739,-8.375177556459574,8.698356729707823,0.41926318882725133,-2.3484022212749434,0.08814857928074599,5.417947069711168,-2.893105270799203,2.4018042109783684,-4.836250759509266,5.048974149118438,2.7043288803520342,-6.8451080166133185
intensification,37017.08300918611,793886.2367776855,431827.9254313292,934921.4135395536,-0.19760686158771995,1.5315716161752777,9.425750856666722,17.034441357792467,3.1443918459601345,1.846075631069774,-15.21389808624491,5.951058561082772,-0.07877597951748165,6.15406812796022,-0.4521399648081748,-5.834845067064286,-1.8012709276078067,3.7958462600107943,-2.2625670561807514,4.184483163558099,7.82194904348313,-9.76390280219772
mature,27962.930283193935,297607.24375233485,541601.4489234198,757060.3299923652,-0.7369078689129163,0.28946196689700787,9.411030713251408,6.855000739428305,0.5350500576034029,0.7921624481743217,-15.140391355071623,8.993364794488595,-0.1494905379198577,2.2858221297523045,0.41167158271698456,-2.899741550702755,6.400156315013371,-6.277386133188167,-0.5708243769023266,12.866424825746499,2.87363477365422,-12.71472095385366
decay,94309.70546066477,329159.8723889423,1150729.7483029396,650107.0570255403,0.2750518684288294,1.1231641093113904,7.240352114366373,10.567373064516259,3.2883222619085006,3.2001946652860105,-17.839965650778932,5.306581156028915,0.395330441235954,6.445671177746411,0.41929188926298216,1.6244147203344719,2.833098672700972,1.8794488066667097,-1.4708143949052985,13.157660340684705,7.8684290102533305,-6.754153299512091
