,Az,Ae,Kz,Ke,Cz,Ca,Ck,Ce,BAz,BAe,BKz,BKe,Gz,Ge,∂Az/∂t (finite diff.),∂Ae/∂t (finite diff.),∂Kz/∂t (finite diff.),∂Ke/∂t (finite diff.),RGz,RKz,RGe,RKe
incipient,543851.889799765,126705.47527992772,5372381.497256536,211252.3181419171,3.0815001540353926,0.08580486381778157,-3.160218469146404,-1.4874711492006731,1.608421522461694,-2.060647718931128,-50.68708969586202,-0.5830088305201958,-1.1663385398218942,0.26322135013606246,-1.9977723045921476,-0.7683633093908381,-13.956626390397759,0.9070947170893433,-0.43888880920066775,36.80918162057528,-0.28099160347816504,-0.18264377233619167
intensification,630900.8176221987,434234.5087942953,5046913.901981696,729182.3767915262,7.2892882124347,4.365520313849625,-16.094743592052623,10.175571885064656,13.806570634925839,-4.402827959128139,-29.814715506296828,-4.392459440396836,5.560024357481906,6.026712146129925,-0.9406174826603626,1.1199728428047648,-4.213936509101015,3.539927726480746,-3.092379591301878,34.406234376813735,11.332852373147935,-18.337928310239697
mature,237047.90454836225,427333.3991911465,3764786.176150595,742167.9645718249,1.3640953559570688,-0.4368427891126169,-20.391796225130737,0.4684242347847833,-3.531881272537328,3.298447650513182,3.0174340261275,-32.22645720118794,-0.07227162800119141,-0.7879691208158903,-3.2453305586060477,0.31134622087237784,-18.541437765013804,-12.914341497575364,1.2138032807757322,-2.5311709219676377,-2.081834405743404,-1.5481047563029469
decay,174831.98299751276,239808.9776535609,3367541.4781083763,449966.0317158419,0.4517941893594138,-0.24674152363859694,-1.7236327770767834,2.8273856240462742,0.1503082961068913,-4.370210043654517,6.208512378392622,0.42938616710019106,0.0938634980329931,2.548761079156423,0.5412813111348244,-8.412793670608943,5.968670098765682,-2.162654586614605,0.59602568074875,1.0319963080904317,-0.9684564792695552,-7.143059154837855
