,Az,Ae,Kz,Ke,Cz,Ca,Ck,Ce,BAz,BAe,BKz,BKe,Gz,Ge,∂Az/∂t (finite diff.),∂Ae/∂t (finite diff.),∂Kz/∂t (finite diff.),∂Ke/∂t (finite diff.),RGz,RKz,RGe,RKe
incipient,1069897.8228850658,411380.17319178756,2377307.8934794646,787474.5780427195,0.8151920714671116,4.1853700808374015,1.4090544356984631,13.656017227596262,13.047571864236982,-4.19074275986881,-22.190602990713735,-0.8251750565027809,-3.472701658962603,6.236911951368837,-2.7949367613219183,-0.92988032669694,-5.886406924450163,0.39018104304202467,-10.841946473254387,14.079949559097997,12.73150957993073,-11.031606692352993
intensification,922830.0929192044,346709.6516420794,2145821.9027278796,812116.2514791959,-6.39823967749605,3.0633912988763954,1.3967486294843918,13.795925624286712,7.318193801884869,-3.556830258664839,0.592230913248248,-0.6966504917146911,-5.653904873596981,6.771428575834887,-0.7931683273208807,-1.443017764187847,-1.0821052151953137,-1.4624765664577888,-11.446210507825404,3.327154919568098,12.846346819887305,-13.165003069545417
mature,1087174.4289213396,168934.6202583131,2284582.256596765,390416.5264919933,5.940713491739677,0.45510787707248646,0.2580045623662522,0.959313157274783,9.39778270444738,-2.4455551850417985,17.509819418451517,-9.875112267074606,-0.34269605637379746,0.22794290934100198,2.5977997566880595,-1.7725534336307927,-0.06211626109234238,-5.940427659385912,-0.40416157894715515,-23.770653733649787,1.1772070316133023,3.233376012780164
decay,642702.5032436094,131407.0948456527,1461365.193105381,292559.2014289104,3.6921396194020297,0.3033121546096124,-2.5892487149820806,1.1270212421302432,0.08052758628858732,-0.1027956604053452,3.646390292206447,-1.3190051020920073,1.1201403234199294,0.44927391296669705,-2.3917356904760534,-0.00824592053592548,-4.579877422063916,0.40457761505245277,1.5231884972470005,-9.32915861869031,0.9182588273900504,-1.992687239967864
