,Az,Ae,Kz,Ke,Cz,Ca,Ck,Ce,BAz,BAe,BKz,BKe,Gz,Ge,∂Az/∂t (finite diff.),∂Ae/∂t (finite diff.),∂Kz/∂t (finite diff.),∂Ke/∂t (finite diff.),RGz,RKz,RGe,RKe
incipient,212207.12965808762,705430.7796805917,1341860.5421948642,623564.6234360924,0.2566027967637309,0.8605727942341636,-13.531496938821016,4.620060212962386,-2.705534513441216,0.5235210688907633,-2.0617634102758546,-18.096645497714327,0.4749135938310328,-1.4088514483444887,-3.905676434007039,-3.2326488564228812,-12.768396517547242,-4.913867940476245,-0.08296632956792886,2.5682610347858987,0.003317493414577999,-4.968779594545323
intensification,91693.354680116,356456.680420735,751741.7079138369,517646.638606658,0.4857397078095549,0.22873829629911935,-6.407140343209139,4.087390262271751,0.16438689946656407,-1.2083333890909185,9.72683274797568,-3.265424731372888,0.17256203918538424,-0.04907729420332735,-0.43911715396293594,-4.64771087974819,-5.981711615305968,4.346578577921758,0.11097395067917423,-9.787143727882063,0.41927447531535983,-2.8825272961862436
mature,71205.92817785757,121206.60174367214,385077.47028247337,948079.2837564076,0.12070093007100914,0.37673851589028445,-7.081404130752475,3.0922335805801966,0.4288387688160451,0.2392391915383762,5.457603819356205,3.2113079622489615,0.25442403527700486,-0.37341118816358587,-0.09603024589700736,-1.894369029277768,-5.321863804586029,2.0117493519131457,-0.0274295687517589,-3.8187644232607694,0.5818868438737677,-11.373196321668486
decay,81765.32226154835,112830.02058001624,469820.41097510466,746760.0298799648,-0.3734564266424861,0.12956492379585252,-3.262951648485197,-0.05139505749214784,-0.22232759581596204,0.14447631253251356,-0.1334026412557646,-0.1823154065793797,0.39004585220064397,-0.533642463429237,0.26621911729122505,0.24826171927229718,4.464824508748601,-4.185259305003749,0.2446552102605537,8.234635225132049,-0.07717457454821676,-7.214500489417418
