,Az,Ae,Kz,Ke,Cz,Ca,Ck,Ce,BAz,BAe,BKz,BKe,Gz,Ge,∂Az/∂t (finite diff.),∂Ae/∂t (finite diff.),∂Kz/∂t (finite diff.),∂Ke/∂t (finite diff.),RGz,RKz,RGe,RKe
incipient,335148.79330092395,206376.40518776487,2048235.872494639,320797.16801021923,-5.9599378955165605,0.8017651158094278,0.8492028509738977,1.6547975165137219,-1.166208074126479,0.1256091922298425,6.419625565142902,7.592554074529516,-2.9536393976728803,0.555668595146528,0.05414819086706449,1.3012493948624682,1.1129432125612408,0.9680468705198809,-3.93781651471359,-0.1959473080389965,2.028672603336919,-7.430101869549458
intensification,345794.82865819347,196201.6319864112,2582114.205856583,598293.3080431457,-5.854578729483179,1.3459211804050153,5.758530012283363,4.522840171819071,2.284480937932862,0.4131827526717472,-2.050096606329749,10.182271697322372,-3.9441786350066415,0.43893521197230484,1.1130692388590997,-0.6118599474169708,4.5208909451208665,-0.09978919118017644,-5.680069248151925,6.66703626865043,2.1518762913253386,-9.046371048038258
mature,590722.4900538446,164722.52469870742,3300821.769038951,430424.05733089126,-0.9061277988052492,0.8182099167989286,2.330076181032974,4.6438483397702806,5.734542029888286,0.3085454860622056,0.7985394081251082,1.0754470452939497,-3.0924053314156095,1.3274251183437775,1.4700034227268286,-1.1400256074699442,5.561550161494179,-1.4062033938140877,-4.3524564891677775,3.339062371141346,2.3770673294392024,-4.795422597845344
decay,757833.1823663433,129323.93213274424,3588827.5760916667,390018.6690691818,5.088814103246419,1.0252454007807645,0.042696248292842284,2.7329879371012353,10.32076000759426,1.114290555467139,1.8647663517825472,2.7878611845218058,-0.3932137114006143,0.16839009132363,2.0015380595240133,1.0953439663257178,4.753891215358475,0.31747047948992524,-2.2051624440430633,-2.2423854879633325,1.6887959471790497,-5.160682393840273
