,Az,Ae,Kz,Ke,Cz,Ca,Ck,Ce,BAz,BAe,BKz,BKe,Gz,Ge,∂Az/∂t (finite diff.),∂Ae/∂t (finite diff.),∂Kz/∂t (finite diff.),∂Ke/∂t (finite diff.),RGz,RKz,RGe,RKe
incipient,31797.553075394273,188258.3892671721,2548696.6800271044,681906.0289726807,-0.5604493991081542,-0.0013171135488404724,19.179091643153836,4.422320527968799,0.0968044892326368,9.399818505564792,14.663314606473202,15.382143082588376,-0.38244812900392455,0.9552652700411582,0.19798277051909263,5.536260035140368,27.720373593365412,8.554960200799053,-0.4605882313705388,-5.561583257153468,0.5600791710932146,7.929588233395712
intensification,49329.45361070223,666983.343969281,3374708.9388132845,990833.7557877152,-0.2809500355682907,8.65140840366397,-4.541941413469739,29.832680352414062,23.33274717367556,-6.2970689802710496,-25.476697818726723,-11.08495066783701,-0.33017920347023044,14.575630104729544,0.09020726556360713,1.3528221797791913,0.2755922659987213,1.2704555087596667,-14.872081540016275,30.575181533763473,28.831163108800332,-22.019215589287125
mature,40283.348911234134,413137.2308499208,2816294.9023957383,827727.0702933478,0.8791777683396553,7.0113381125613845,-17.30674618708388,10.802346878196563,18.778741438204975,-11.03996884119547,-41.25394694221581,-42.074164197206116,0.1025585147232659,2.998509912225002,-0.5406468378640745,-4.095131369735844,-28.410640407808167,-10.53513043332155,-11.42887239516801,29.270874953151868,10.735846237094805,3.429940698604117
decay,22313.338769765745,357603.7333576907,1881587.4576891952,513347.80456124735,0.1566063289704254,1.2408227519701782,-10.557206484754463,3.6855410845183485,3.0151245171029415,4.744123704965369,-10.112724516425887,-21.264981862778807,-0.05389667591828257,-1.686806986622896,-0.43004145907166547,0.3475994933238805,-19.93546289541982,-9.233411831031539,-2.047736895234003,0.577861776790102,-1.951805879093318,-2.2111775375255434
