,Az,Ae,Kz,Ke,Cz,Ca,Ck,Ce,BAz,BAe,BKz,BKe,Gz,Ge,∂Az/∂t (finite diff.),∂Ae/∂t (finite diff.),∂Kz/∂t (finite diff.),∂Ke/∂t (finite diff.),RGz,RKz,RGe,RKe
incipient,26529.540376562378,141773.2860831622,436559.4926062067,329909.7081970669,-0.012866891407095155,0.37027663518575377,1.177803971514311,1.9388499046660377,0.9546156676042326,1.0273713552170334,-0.6544415280086757,3.481860773637848,0.1669492237665729,0.22630864252945565,0.02325096443742505,0.309201981395848,4.465717334114158,2.8202786725701903,-0.573954959388149,3.9552217820156184,0.8504038956590986,-1.4226280342193847
intensification,41342.10556846638,161345.82976727144,795439.6758234372,565899.1649729193,-0.32217231721353806,0.37710181907200013,7.989907554573195,2.7142905214016717,1.0624008218100127,3.2398888096934817,-7.27651547975642,5.105691735227467,0.22031862914184625,0.1960503717293858,0.6766815505189109,1.7481404546702788,9.065153662746548,4.88934012980071,-0.3307897694326399,8.673933905143311,0.8454403473064682,5.059265427744768
mature,92946.64403520839,396393.0699534642,1488947.2985322785,773681.036524618,-1.546769768116621,0.6903624841586455,8.21455165751429,10.605605593823954,3.0833005296497533,11.711255432665764,0.11446403661729221,3.438522743993016,-1.0876099463767346,4.0880445401044065,1.4893179004388273,7.485745140592978,20.663465832415778,2.333111694147604,-2.4503899131689018,13.881219906400815,5.689732817592524,-3.496464986155076
decay,252849.370902763,621904.9021021193,3245058.5203791265,606244.9045394928,-0.46937956964975736,1.944948953185293,7.171795454410814,7.421165992475851,9.279891823257568,1.7137137531832913,15.427229938903801,-1.9997554507062187,-1.484967808821207,2.1511213257163226,3.022837126352518,2.212337163057503,25.940617697990213,-4.356145898929981,-4.781485313369513,3.810971874325357,5.974840449164771,-2.6057609862888005
