,Az,Ae,Kz,Ke,Cz,Ca,Ck,Ce,BAz,BAe,BKz,BKe,Gz,Ge,∂Az/∂t (finite diff.),∂Ae/∂t (finite diff.),∂Kz/∂t (finite diff.),∂Ke/∂t (finite diff.),RGz,RKz,RGe,RKe
incipient,70115.87475073952,214441.28140534865,2948381.103114698,1251083.687309734,0.4222365118393831,-1.4609487215104815,21.490104677947613,-2.099396772694259,-3.0120179788457024,6.9760321246190875,5.506454480424736,5.0175031071758935,-0.106425970550221,0.24081609861916137,0.6537963657112568,5.0323626147290215,-0.8431384361816342,3.2091818813846658,2.6271021348858605,-28.261934106393365,-2.5821175610738427,21.78118022485064
intensification,87662.82618519737,740610.825953799,2158267.101970981,1144896.4578224448,-0.7770343527588531,5.896654184908291,-7.274975283557444,17.28310842566741,14.409679707905985,-1.627418394617074,-10.645512789426379,-19.39661519374454,-0.14642122569835667,2.6672065551874193,-0.3938896313784897,-1.433803788218492,-10.173897576633458,-4.15708772511025,-9.683949507135035,8.52362484910922,11.5800688471577,-9.31855624059056
mature,25805.492545556586,194583.27431583614,878415.1074109958,369245.92989536497,0.10354427885414352,0.5229405272359601,-9.47772372245228,3.7341674524085176,1.2139898090615378,-1.1634280037799245,12.053621197771406,-15.224758205899759,-0.09135832547343613,0.9804403194471082,-0.20686135471276124,-3.551143009515267,-7.878351925649238,-5.800855241134702,-0.7943663576841953,-10.557793679822504,0.823511919437215,-3.7879882100957425
decay,39391.71205582326,114555.47062613274,615528.572151986,549224.1282573233,0.7014766076733752,0.9929042523127419,-10.478095958119697,0.6286725411131283,2.8200040919165184,-1.72397398642569,7.2474901494656585,-4.1683409688086055,0.571752292516639,0.2586563111182283,0.15632932122582602,0.4320655351494479,-0.40523111959834973,0.5954325296317564,-0.969293910704575,2.1238980813823116,1.7918078103755246,-6.342995000792461
