,Az,Ae,Kz,Ke,Cz,Ca,Ck,Ce,BAz,BAe,BKz,BKe,Gz,Ge,∂Az/∂t (finite diff.),∂Ae/∂t (finite diff.),∂Kz/∂t (finite diff.),∂Ke/∂t (finite diff.),RGz,RKz,RGe,RKe
incipient,2068389.018580302,95312.14544551734,3326725.5995410336,238279.22801437002,6.737420023482484,0.3040458396332787,-1.9569826061081774,0.9056773347086591,11.048655043016833,0.2557133684083816,-31.401977326685316,0.9732701969309334,-1.6478986085166187,-0.0461528223300476,1.268533859710194,0.2625380520728953,-4.40345222818858,0.9595025141813267,-2.7386553201908748,22.21808768112243,0.6084561787398937,-2.8764276235664434
intensification,1435489.455925827,315612.85131287057,2372274.65886147,557857.6269324904,7.238543008988728,0.9112324504474096,-8.928039819931664,2.5147510269759517,3.4888896038734405,2.661153794435586,-20.52676176905291,-4.334325862011147,0.36396343816074017,-0.847522048031452,-5.512975712383386,1.3946765290797398,-6.319298287013776,1.1857116934275502,-0.8520898568206903,15.896960292982076,0.33704131117269565,-5.92275329146892
mature,756664.0532041185,337596.7391970393,1576430.7757022462,692301.354096804,-2.586571913051948,2.7853529367409853,6.6825528396590155,8.372488107737732,1.6281324247649298,-0.5530090184593607,-20.309201667618424,5.215662993029898,0.1836820779936083,-0.23987072871740137,-1.273888231684337,-2.5979877718437634,-1.5439958918423873,0.20511992921299216,-2.70323963276023,14.669224849168968,3.542156417612344,-6.700478331895623
decay,515046.63763139024,196276.81704673442,2023028.1513921537,378538.47811995726,-5.226975085248102,0.6539451592272445,2.5694542514695757,2.501704012483995,-4.569678508024709,0.9745799625805299,-4.6231544135884475,0.2697665714039433,-1.2362236312571468,-0.1044875307834346,-1.6111839158949322,0.06827823903581433,1.6467205065966348,0.07119412653780739,-1.61453533389108,8.927395753963609,0.941457129712035,-0.13082220588055504
