,Az,Ae,Kz,Ke,Cz,Ca,Ck,Ce,BAz,BAe,BKz,BKe,Gz,Ge,∂Az/∂t (finite diff.),∂Ae/∂t (finite diff.),∂Kz/∂t (finite diff.),∂Ke/∂t (finite diff.),RGz,RKz,RGe,RKe
incipient,803768.7697703242,130455.5735597172,2419997.7498163003,576633.4305980477,-1.896731098713591,0.7623212827976973,-2.210391068701218,2.3381423123447105,0.9692277227060708,-0.6105267810953321,1.3822100618025417,9.032397966639222,-2.1369481188209694,0.6393646957095014,-1.6910843541007148,-0.36265238040386627,4.575375118932859,3.824686836176466,-3.794721892722679,7.3002872245451265,1.8236954302384794,-9.756244511508683
intensification,611109.8613393864,188481.5733420759,1860827.5933461296,849168.876283045,0.5634882704177182,1.2339378540766917,-10.59344046058003,1.98400240491095,5.644524064008723,-0.8860529341756003,-3.6895973586664432,0.45855300304000807,-1.9836488480196888,0.13167323292315627,-0.37661180976293185,0.4777087230700062,-2.1722091878660392,-0.3727786468696416,-4.223709749277246,11.547340360962723,2.113826208079865,-13.408774515400633
mature,765617.9795868773,232106.46029438422,2231949.7545982692,781391.8081094708,-1.1460038847232932,1.249670820811781,-1.0785522821788789,4.472902678465187,8.033440560700999,-0.05513125347201253,8.40530564128365,-2.5748852268867406,-2.5003517162006847,1.0202971424828866,3.0240218456631225,0.40834691246229526,3.6029106898746575,1.2605044442893603,-4.905751778949389,-2.5778387845068216,3.6867100235877133,-1.7160652894679655
decay,996191.0142478615,327116.22932462423,2969081.8989118626,452343.02971918386,-5.8848456699491,1.7557105883819324,-2.3434777120392356,5.15364369473969,3.5984330403017797,0.28836654136503653,21.173864347978608,-1.74499961794253,-4.267040173405012,0.6000875415303769,-0.2964556452569232,0.8831462811844831,2.56442025356224,0.37919867573306354,-8.024023767125868,-10.381120712428034,3.992712846177204,-5.372923113103333
