,Az,Ae,Kz,Ke,Cz,Ca,Ck,Ce,BAz,BAe,BKz,BKe,Gz,Ge,∂Az/∂t (finite diff.),∂Ae/∂t (finite diff.),∂Kz/∂t (finite diff.),∂Ke/∂t (finite diff.),RGz,RKz,RGe,RKe
incipient,210119.62005914407,201414.11969688037,2024600.64963797,638979.739576873,-1.92623046677741,1.5882628840885615,20.786628370847605,6.8291906809896545,0.2618417618815981,-1.2119186872164271,7.716203952353915,8.959911040723641,1.3837428749522045,4.040898787421127,0.088593503057893,-0.7324248714271722,4.21243567969373,0.9624672102881021,-0.5112158415125535,-22.364166176730382,5.720421612690348,5.959993859422411
intensification,324595.0897704896,271537.4726804066,3092498.0739061446,728384.9957820576,0.5199361168053053,3.085957020749959,16.508521973570875,10.750163821393205,12.903240272427745,-0.4476349532158876,-18.283772879054496,1.358631354805816,-0.5356629764100802,3.1221125845534616,3.1853164717487243,0.6310856916624814,13.197961960930757,-1.2790398077397718,-6.1120306631237575,14.453276749609074,8.742927445521616,3.12068698963208
mature,658875.883102429,261428.99306822178,3420640.3262097375,513388.4512913117,2.749623088371222,3.368042743332208,-2.7576619347829743,9.256992183735003,12.105036306058159,-4.238971814959379,-55.178727011493265,-3.9693559070088433,2.0767266620316747,2.57317319096152,1.3044680088722995,-0.06162380412838063,-10.742030882733093,-0.1769238513500453,-4.68290246548243,44.444734975171926,10.066297451233796,-8.222222062859178
decay,387245.55240455765,146204.09800961107,2058661.168151809,302418.3250775262,4.526572993657208,0.8616868780861113,0.4360824772561668,2.859613925217919,1.5896772020934624,-0.9226092589253102,-8.924560934610511,-1.004183763907911,2.856659266547656,1.0209332925052272,-2.144991556697033,-0.6932699319157963,-6.976552383584073,0.7912671134805833,1.6535911129528238,-3.014646919886937,2.2272663741413217,-0.6280805705732586
