,Az,Ae,Kz,Ke,Cz,Ca,Ck,Ce,BAz,BAe,BKz,BKe,Gz,Ge,∂Az/∂t (finite diff.),∂Ae/∂t (finite diff.),∂Kz/∂t (finite diff.),∂Ke/∂t (finite diff.),RGz,RKz,RGe,RKe
incipient,72950.02075482758,119589.15185908902,1949899.4470092615,510701.48754301894,-0.6094068284047617,-0.49082655943987535,-0.9133414119241418,0.8787549587726714,-0.3450947103162738,0.37260266165373207,22.104077256787253,-7.900620791707337,-0.2428973237702766,-0.8179353005202596,1.3676879613548971,-1.9237988904938719,24.844504363193238,-8.313463966343923,0.6125492838265338,4.263175346734889,-0.9268200339350571,-2.204939545333398
intensification,108240.03146724572,272645.02613400813,2375330.43676779,695035.0289593588,0.2703172920022665,4.314711350361281,-4.0105836054633235,3.4607435183482576,11.525970562068672,-2.1072401892483974,-13.92012843200495,17.959460279712882,-0.34972623684453774,-0.6358636844798234,-0.3462037285491384,5.195353738806596,-6.032408997582611,10.603171136641512,-7.287145648254263,11.627985747883393,6.44862609604197,-14.827616266882956
mature,73648.19141937574,422027.8153859718,2014358.8107727962,1140045.3397875694,-0.8562650006585872,6.34480763480645,-9.989168475504211,8.516472691471682,15.664323122091663,-11.315312304848945,-12.398804945289935,8.37546233420433,-0.027660478131528998,0.7736014747907412,-0.1594854908260889,-2.179435604831054,3.516748018671076,5.359282073147556,-10.335265978769886,26.76098644012381,11.307541756683122,-21.521821428032666
decay,59029.640118100615,309104.61327828787,2316422.0218791277,949568.4802901001,-0.7127667696571907,1.0101454819836981,-6.389975487028329,4.5061971289973926,1.7633840810546475,1.0293531458750198,13.807513219723573,-26.711818262563554,-0.19910476504762878,0.10450629418122782,-0.38601928943522773,-1.0400312201411472,5.516496424831835,-10.29764589320949,-1.8520246581633677,-1.1882745382062188,1.426667280997527,5.517999753328345
