,Az,Ae,Kz,Ke,Cz,Ca,Ck,Ce,BAz,BAe,BKz,BKe,Gz,Ge,∂Az/∂t (finite diff.),∂Ae/∂t (finite diff.),∂Kz/∂t (finite diff.),∂Ke/∂t (finite diff.),RGz,RKz,RGe,RKe
incipient,7772.49749148048,549745.936689817,1911210.0566657141,701421.7688047547,0.1347319479461586,2.8146003077459913,-4.456660167708219,7.2443752799957695,7.66555005335136,-7.466398508906376,-4.935309383883854,13.411898021650165,0.06270109763799919,0.7160132655283856,0.0322105364776979,-6.939342704091859,7.850789313087989,2.03377635771047,-4.684007261181512,17.108026916733902,4.956830777064294,-23.07915711164368
intensification,13585.449773423403,324601.0651088372,2866785.5674576117,959201.1496788214,-0.2046391816513843,2.9213740733582223,6.398530226008901,10.028588653568729,7.888248021073101,1.6564795651036406,32.55258517775787,14.866680059648814,-0.12251110754272117,0.7254697685358967,0.1329373533565163,0.1291953593080697,22.30011153886661,5.970997596913812,-5.038575776009745,-16.44636468324878,5.5799303744149364,-12.525740890294827
mature,26411.55736459508,944172.571409626,4275044.367329467,1347741.9761471818,0.1448146939206058,9.737173355665668,3.433033102225765,36.4921663550991,26.061504327186462,20.155705757455,18.951029042047395,-13.7153639156942,0.22581578828761106,13.843981849974142,0.029958078144990304,22.057836688530102,-13.048510921209164,5.979138286432144,-16.149558199455196,-35.57738775940293,28.65712393050854,-13.364631050746993
decay,15458.874303843286,805233.3652020039,3067057.5498757525,1449002.7411950673,-0.32444274557829633,6.318129282638967,-10.775959709689234,19.01940504955263,16.396910850925252,-6.516486988881334,12.03169074072792,-21.273831867394886,-0.025105968597052858,6.2291301765949365,-0.06076555361650445,-5.612810026556521,-4.112380938851575,-7.715822714760089,-10.463989867481082,-5.043669224311962,13.60495272923848,-16.237355606607075
