{
    "Cluster 1": {
        "Cluster Center": [
            -1.6202760751723035,
            -4.850603248659089,
            -7.304664124268213,
            -6.083120135132331,
            -5.607972103982642,
            -4.750444552236018,
            -1.4756242448503047,
            0.5404330627764078,
            1.4161927906788003,
            1.1728635334075697,
            0.9333612636796693,
            1.5799871162710757,
            0.8804491731525859,
            0.35025014282845723,
            283397.9653632789,
            436577.9685250807,
            446185.93496132025,
            345538.65632817143,
            369201.3793899685,
            344927.3661490538,
            262131.1844141804,
            0.18795211677692933,
            3.186518903146768,
            1.858780929123978,
            0.5193076537577784,
            1.7591228276939745,
            0.9113620755732655,
            -0.022592262482177605,
            2.543797006703208,
            0.3498105148190599,
            -0.4836606424230133,
            -0.23211973784680806,
            0.41249637683216345,
            -0.1794641581143549,
            0.49716603500060275,
            1.226482873588798,
            2.6406426054581735,
            -1.4686293523344287,
            -1.613809415112399,
            1.5034017347895934,
            -1.0906329621992938,
            -0.1343593633013429
        ],
        "Cluster Fraction": 51.75438596491229,
        "Cyclone IDs": [
            20010049,
            19811049,
            20041087,
            20010078,
            20050533,
            19850021,
            19860146,
            20151050,
            19870237,
            19880869,
            19860771,
            20190036,
            20180415,
            20150005,
            19850639,
            19830591,
            20000193,
            20100234,
            19890691,
            20160176,
            19951174,
            19951044,
            20020125,
            19990230,
            20171054,
            19990958,
            19821113,
            20051008,
            19790101,
            20020611,
            19830760,
            20001113,
            19911055,
            20050752,
            20141063,
            20130786,
            20060249,
            20030427,
            20131161,
            20180333,
            19950547,
            20020816,
            19821126,
            19861021,
            19800936,
            19850797,
            19850253,
            19870926,
            19960038,
            19830021,
            20110013,
            20071139,
            20141068,
            19981110,
            20101185,
            20180910,
            20050246,
            19960286,
            20080126
        ]
    },
    "Cluster 2": {
        "Cluster Center": [
            -3.812576907795692,
            -12.466469670422619,
            -20.754550947264626,
            -11.679839197634653,
            -7.0829995962038845,
            -6.456319625339923,
            -0.1459320387229115,
            1.0249822359002423,
            2.8169846274062658,
            3.9552019496254065,
            2.395878851462936,
            2.0006670343572384,
            1.3181582459043344,
            0.483007344376593,
            348578.8610911568,
            735038.7651121714,
            1141114.8190066023,
            842190.0433874368,
            558096.2382008999,
            540409.4817627505,
            362854.3145415463,
            1.3534707578155896,
            5.1752349179247235,
            3.402067655227362,
            1.327415012057128,
            1.1707400067391753,
            0.6565940310732277,
            0.3612582602118003,
            1.399452496068308,
            0.19013159250465034,
            -3.429621220526797,
            -2.3662480053215247,
            1.33397089665436,
            -1.8549382148664115,
            0.5331330740124974,
            3.5508769787938412,
            5.331194543192277,
            3.4937155522262096,
            -1.0412715141220308,
            3.62332173093167,
            -0.8577614341028439,
            0.7048455534892792
        ],
        "Cluster Fraction": 30.701754385964914,
        "Cyclone IDs": [
            20000705,
            20130613,
            20070855,
            19860229,
            20100050,
            20091196,
            19890324,
            20100149,
            20130991,
            20020877,
            20091085,
            19990464,
            19961015,
            20050833,
            20030577,
            19900940,
            19860410,
            20110583,
            20010391,
            19830832,
            20080434,
            20090774,
            19850265,
            20110655,
            19800725,
            20110323,
            20020087,
            19820602,
            20140623,
            19980895,
            20161051,
            19821079,
            19930886,
            20040458,
            20190503
        ]
    },
    "Cluster 3": {
        "Cluster Center": [
            -1.3014778102939721,
            -5.04274214516451,
            -6.353283741414881,
            -3.37558303994147,
            -8.622841409819515,
            -13.550951078374444,
            -6.9381902746779165,
            0.1797488389312707,
            1.6711124150674195,
            1.3511638019966639,
            0.626070866742638,
            3.0562454199025577,
            2.6655709812813813,
            1.5443647576081294,
            234560.98660411878,
            410819.63993252505,
            499040.0589946885,
            437740.8386832704,
            877744.5602121009,
            951037.2182734861,
            581604.1867011316,
            -1.6706156355834367,
            3.1286656401922692,
            1.8900096985387085,
            0.4069073338184577,
            1.5242381278672679,
            1.7732965531714182,
            1.197843169855664,
            3.7651256366150894,
            1.3986399798858837,
            1.3184399340424247,
            0.7877137926740488,
            -2.0325956136732817,
            -2.2342020292810103,
            -1.328828763538427,
            -0.5305950843609057,
            -0.4261917952352112,
            0.33227951595014454,
            2.1204287882146637,
            12.350168173145711,
            -1.6242312819478153,
            -3.7698706738684757
        ],
        "Cluster Fraction": 17.543859649122805,
        "Cyclone IDs": [
            19901102,
            19940894,
            20150880,
            20130977,
            20130123,
            19911148,
            20020624,
            19940020,
            20091018,
            20111083,
            20190239,
            19910683,
            19950165,
            20090049,
            19830250,
            20170832,
            20010618,
            20204121,
            20030509,
            19820026
        ]
    }
}