{
    "Cluster 1": {
        "Cluster Center": [
            -1.8887118227427018,
            -2.2062333123459243,
            -2.8629504529610674,
            -3.1587556741510507,
            -1.900162272820381,
            0.6822884894866447,
            0.5968711175501925,
            0.8489941600247186,
            0.7940177993964491,
            0.5056941984144996,
            280397.86557770753,
            228765.69033943373,
            259733.06724839762,
            302530.1884876889,
            260125.50148744587,
            -0.187251443779749,
            0.3985181910243092,
            1.0465960861229682,
            0.8365722057182438,
            0.4342575793876569,
            0.8863054269788556,
            0.3361862143608314,
            0.6983869755639205,
            0.19261792457372906,
            0.02985102387682448,
            -0.30752125032178956,
            -0.6805498409959483,
            0.579585681604939,
            -0.16714892258180772,
            -0.3141731817672895
        ],
        "Cluster Fraction": 67.0967741935484,
        "Cyclone IDs": [
            19820776,
            20030041,
            19870454,
            20120300,
            20190371,
            20180755,
            20051127,
            19790848,
            19930069,
            19801073,
            19830376,
            19800510,
            20110472,
            19900317,
            20050367,
            19931124,
            20091152,
            20040395,
            19860831,
            20180923,
            19810248,
            20000803,
            19810842,
            20100651,
            20111051,
            19870307,
            20030871,
            20170815,
            20171069,
            20020963,
            19961025,
            19830130,
            20160037,
            19930259,
            19970712,
            20070241,
            19970812,
            19810695,
            19930825,
            19850445,
            19990547,
            20090765,
            19870123,
            20190218,
            20001151,
            19860323,
            20040092,
            20090906,
            19980889,
            20050643,
            19870428,
            20110850,
            19870977,
            19900044,
            19930269,
            19900580,
            20030570,
            20020752,
            19970711,
            19800482,
            19940840,
            20090745,
            20070980,
            19940012,
            19790876,
            20100759,
            20180427,
            20190004,
            19971078,
            20100312,
            20180079,
            19970650,
            20130178,
            20080781,
            20190927,
            19840954,
            19860881,
            19920781,
            19860480,
            19980049,
            19931051,
            19950654,
            20090608,
            20120781,
            20040747,
            19831061,
            19990998,
            20130711,
            19910655,
            19950677,
            20180056,
            19811029,
            19980398,
            20011022,
            20111141,
            20060399,
            19790783,
            20150553,
            20110524,
            19890698,
            19950041,
            20121133,
            20180167,
            19990249
        ]
    },
    "Cluster 2": {
        "Cluster Center": [
            0.04447093975996319,
            -2.0658113368116515,
            -6.477719732389726,
            -12.592368429586745,
            -9.018601322587244,
            0.6552443248356982,
            0.7568087980097629,
            1.9360374178474988,
            2.032781503431925,
            0.9553314031696014,
            299996.88789168163,
            284930.5716461671,
            514916.22933573136,
            931452.6237886219,
            773190.5162622144,
            0.4436322422844389,
            1.097511788341978,
            2.3511593874265073,
            2.0323414641365605,
            0.46028301254488674,
            1.1630648648992414,
            -0.07622975345279229,
            0.10127890756763513,
            -2.2626810467560756,
            -0.6915821645075478,
            2.2056011933753155,
            0.6531366811482732,
            6.203741046492606,
            3.865619795270033,
            -4.7746580796867235
        ],
        "Cluster Fraction": 17.419354838709676,
        "Cyclone IDs": [
            20141180,
            20101078,
            20040902,
            19800356,
            20140056,
            20080763,
            19930652,
            20140108,
            19980846,
            19950779,
            20100510,
            19840249,
            19970623,
            20080618,
            20090012,
            19900973,
            19800810,
            20090927,
            19900383,
            20131043,
            19880627,
            19810353,
            19990160,
            20050869,
            19920595,
            19840658,
            20030067
        ]
    },
    "Cluster 3": {
        "Cluster Center": [
            -8.592329062425051,
            -11.460618088466635,
            -6.783761571779498,
            -6.894793961530331,
            -3.6100235909687837,
            1.9195189970356137,
            1.9963354786828664,
            2.0280719469044812,
            1.6751003543647456,
            0.7626672371418426,
            602732.4954234259,
            689245.1844704219,
            543414.7377326358,
            478281.7709404435,
            293818.67350762896,
            0.23538712936034467,
            2.058405070968992,
            2.2883684606478996,
            1.1989376145419925,
            0.3345648965350911,
            -0.24467841562039405,
            -2.952106632727534,
            -2.428782993823517,
            -0.9740450177488397,
            0.19729231900451055,
            2.6531794127517805,
            -3.785713587740407,
            1.8128698903753473,
            -3.6907090780782044,
            -2.961507720237435
        ],
        "Cluster Fraction": 15.483870967741936,
        "Cyclone IDs": [
            19850761,
            20201617,
            19960977,
            20030484,
            20100650,
            19870085,
            19910161,
            19910339,
            19990790,
            19900479,
            20050802,
            20180231,
            20031056,
            20030038,
            19900777,
            19810691,
            19940585,
            19970495,
            19880632,
            20180809,
            19970581,
            19990142,
            20121126,
            19890721
        ]
    }
}