{
    "Cluster 1": {
        "Cluster Center": [
            -4.828407404966448,
            1.2825086626762934,
            496350.1426470458,
            1.3016764431575574
        ],
        "Cluster Fraction": 27.405498281786944,
        "Cyclone IDs": [
            19941127,
            19971088,
            19940081,
            20010179,
            19931177,
            19901142,
            19861059,
            19850005,
            19981153,
            20121155,
            20190118,
            19880068,
            20080041,
            20111127,
            20140104,
            20051066,
            20080124,
            20120129,
            19790079,
            20100056,
            19801105,
            19860076,
            20021107,
            19910133,
            20071068,
            19790087,
            19950111,
            19841073,
            19841156,
            19890014,
            20050139,
            20190096,
            20021115,
            19971047,
            19811079,
            20140098,
            19900066,
            20180129,
            19850038,
            19950079,
            19840045,
            19940051,
            20030029,
            19870025,
            19950093,
            19850087,
            20041143,
            20190012,
            19940060,
            20180082,
            20171130,
            19890082,
            19990069,
            19900005,
            20120024,
            19921146,
            20209372,
            20050002,
            20130096,
            20161168,
            19800033,
            20121118,
            20101110,
            19980063,
            19970147,
            19810179,
            19790026,
            20140086,
            19821122,
            19970037,
            20071071,
            19861054,
            19921140,
            20141104,
            20041117,
            19851026,
            20170082,
            20190014,
            19830065,
            20020135,
            20140029,
            20200115,
            19940122,
            19800064,
            19961104,
            19830133,
            20080139,
            20031173,
            19810169,
            20120157,
            20110165,
            19980017,
            19860092,
            19970004,
            19970126,
            19861011,
            20131099,
            20070094,
            19800170,
            20150025,
            19841096,
            20051085,
            19900063,
            19940163,
            20090020,
            19880066,
            20081103,
            19811153,
            19830050,
            20060099,
            20171104,
            19911070,
            19820038,
            20101114,
            19891150,
            19830034,
            20001131,
            20010040,
            19991127,
            19891133,
            20160051,
            19910068,
            20120151,
            19991198,
            19971109,
            19840114,
            19791068,
            20060138,
            19990103,
            20031149,
            19970138,
            20080021,
            19890075,
            20051124,
            20150083,
            19971033,
            19881135,
            19881132,
            19901130,
            19980038,
            20120138,
            19800028,
            19850012,
            19960074,
            20050084,
            19821048,
            20011124,
            19910052,
            20209569,
            20161120,
            19820099,
            19920072,
            19871160
        ]
    },
    "Cluster 2": {
        "Cluster Center": [
            -13.621250173002784,
            2.5501954284153787,
            1016508.6440654185,
            2.81871208350219
        ],
        "Cluster Fraction": 8.161512027491408,
        "Cyclone IDs": [
            20140045,
            20111066,
            20000104,
            19980168,
            20070106,
            19811108,
            19871177,
            20040105,
            19980096,
            19910105,
            20151160,
            19970031,
            19990119,
            19941186,
            19821107,
            19840004,
            20100087,
            20171171,
            20010161,
            19791086,
            19951098,
            20051091,
            20120056,
            19940089,
            19971108,
            19860095,
            19890079,
            20061148,
            19811176,
            19911115,
            20170008,
            20010076,
            20020038,
            19950040,
            20011154,
            19981098,
            19910041,
            19891092,
            20010096,
            19901100,
            20040054,
            19880009,
            19920157
        ]
    },
    "Cluster 3": {
        "Cluster Center": [
            -1.1853503174099038,
            0.34828091547845985,
            212585.94705256916,
            -0.19999179461347288
        ],
        "Cluster Fraction": 64.43298969072166,