{
    "Cluster 1": {
        "Cluster Center": [
            -0.33878664965515204,
            -1.8766563327741848,
            -2.1730137649164405,
            -1.3165528019872315,
            0.34710158995077917,
            0.711455167731562,
            0.4248151995072883,
            0.1689793964320368,
            216540.4801390823,
            260194.46115331977,
            245134.80882062681,
            217303.8103070472,
            -2.0620491035575705,
            1.228500914374093,
            0.6655786551529416,
            0.5106893424359953,
            3.1908183349178962,
            1.1155521928653527,
            -0.561359405489151,
            0.3951613652842344,
            0.9130147853914523,
            0.9961012947395607,
            -0.44542052935608195,
            -0.4609223687085169
        ],
        "Cluster Fraction": 58.76288659793815,
        "Cyclone IDs": [
            19931162,
            19960141,
            20180154,
            19941127,
            19790048,
            19940081,
            20010179,
            19981089,
            20100102,
            19890146,
            19850005,
            19811108,
            19880068,
            19850099,
            20060028,
            20100011,
            19790094,
            20040105,
            19980096,
            20110093,
            20150049,
            20100056,
            20061101,
            20141148,
            19831165,
            19801105,
            19991207,
            19950017,
            19860076,
            20170154,
            19791072,
            20170023,
            20040002,
            19910105,
            20030076,
            20121141,
            19820112,
            19971055,
            20021107,
            19910133,
            19841073,
            19890014,
            20181118,
            20070046,
            20030063,
            20140098,
            19951167,
            20091201,
            20201192,
            19950079,
            20160030,
            20030029,
            19941148,
            19970064,
            19950093,
            19850087,
            19880012,
            19840073,
            20190012,
            20180082,
            20011081,
            19890082,
            19990069,
            20021129,
            20120024,
            20100079,
            19990083,
            19970130,
            20209372,
            19971059,
            19980063,
            19810179,
            20140086,
            19970037,
            20071071,
            20031189,
            20180182,
            19930052,
            20101161,
            20050074,
            20031115,
            20100087,
            19921140,
            20141104,
            20010161,
            19851026,
            19951098,
            20051091,
            20060035,
            20020135,
            19940122,
            20170049,
            20071104,
            19891066,
            20020033,
            20160127,
            20000119,
            19961045,
            19940089,
            19971108,
            19980017,
            20110047,
            20020021,
            20131099,
            20060004,
            19951115,
            19841096,
            20151119,
            19790140,
            19940163,
            20010146,
            20061195,
            19811153,
            20121109,
            20120172,
            19820038,
            20010076,
            20110037,
            19980067,
            19931108,
            20021087,
            19890108,
            20160161,
            20010130,
            19880042,
            20001131,
            20010040,
            19800006,
            19970010,
            19910068,
            19971109,
            19840114,
            19791068,
            20190172,
            19990103,
            20120079,
            20140006,
            19921093,
            20090193,
            20130016,
            20011154,
            19981098,
            20191104,
            20160139,
            20151130,
            19840159,
            19811128,
            20070032,
            19910041,
            19881132,
            19901130,
            20000014,
            20180016,
            19921138,
            20071095,
            19800097,
            19811096,
            20070173,
            19980038,
            19831099,
            19950024,
            19801046,
            19930179,
            20080010,
            20010096,
            20090078,
            19800028,
            19850012,
            19870138,
            20090187,
            20030044,
            20110128,
            19820050,
            20030016,
            19920133,
            20170020,
            19950131,
            19850122,
            20180099,
            20080105,
            20170117,
            19790119,
            20121150,
            20070132,
            20209569,
            20161120,
            19920145,
            20170056,
            19890017,
            20130061,
            19820099,
            20210007,
            19920157
        ]
    },
    "Cluster 2": {
        "Cluster Center": [
            -2.2345602542862393,
            -5.249635351927072,
            -6.594751039203032,
            -3.9680563471541426,
            0.9226175905868768,
            1.8849450130022047,
            1.1994683456487683,
            0.48668190039286935,
            315789.0369527351,
            553130.1745261642,
            630822.9070310589,
            367222.53912920604,
            -1.8166157649277848,
            2.8493125609676158,
            1.8070661389776936,
            0.5804460597129707,
            3.2289707608079685,
            0.1516655381540627,
            -2.7512732821923214,
            -0.42326270559019746,
            3.7145752928873206,
            6.573161920374968,
            -0.861136343109042,
            -2.756259462168535
        ],
        "Cluster Fraction": 33.161512027491405,
        "Cyclone IDs": [
            20030046,
            20111066,
            19810142,
            19990164,
            19790079,
            20051116,
            20000160,
            20100026,
            20200367,
            19791150,
            19960054,
            20121159,
            20180129,
            19850038,
            19940051,
            19990128,
            19870025,
            20201245,
            20200632,
            20171130,
            20060040,
            20080029,
            19970140,
            20151148,
            19980055,
            19910081,
            20140029,
            19960008,
            19961104,
            20031173,
            19860095,
            19970004,
            19951122,
            19810096,
            20060057,
            19991198,
            20020038,
            20150069,
            20191103,
            19861094,
            20030099,
            19920043,
            19960111,
            19881145,
            20171179,
            19970095,
            19991148
        ]
    },
    "Cluster 3": {
        "Cluster Center": [
            -1.969496117257304,
            -8.45433408746785,
            -15.59420357859711,
            -17.031567518351284,
            1.3627319990919258,
            2.883580533555401,
            2.4849947817518965,
            1.6859474032250659,
            343088.315933792,
            721216.0539963369,
            1128446.8125355642,
            956540.5187865885,
            -1.6468560897608606,
            3.396390592207556,
            2.8098092706014857,
            1.6796279064281858,
            4.598171339659887,
            0.1364707165092881,
            -3.8810991316747696,
            -2.90330940395794,
            6.394453490756753,
            9.465265444782105,
            1.1387210747552583,
            -11.186069001548452
        ],
        "Cluster Fraction": 8.075601374570446,